Date,Open,High,Low,Close,Volume,Dividends,Stock Splits
2023-02-03 00:00:00+09:00,139.7462091771769,140.00095375026373,138.87278929620913,139.3822784423828,141257500,0.0,0.0
2023-02-06 00:00:00+09:00,139.70983019674168,140.32850559776858,139.49148560552993,140.07376098632812,116927500,0.0,0.0
2023-02-07 00:00:00+09:00,140.32851254215143,140.83800179024524,140.11015405759372,140.36489868164062,105780000,0.0,0.0
2023-02-08 00:00:00+09:00,139.78260209276033,141.38385575594583,139.78260209276033,140.9107666015625,105985000,0.0,0.0
2023-02-09 00:00:00+09:00,140.9107633348672,141.49303864275763,139.67342657028274,139.81898498535156,139375000,0.0,0.0
2023-02-10 00:00:00+09:00,138.7272205183743,140.2193018625022,137.59906991826446,139.81898498535156,166637500,0.0,0.0
2023-02-13 00:00:00+09:00,139.81898335076878,140.8743616722753,139.56423877420352,140.4740447998047,81170000,0.0,0.0
2023-02-14 00:00:00+09:00,140.5104449042454,141.6385954918825,140.29208646024875,141.0563201904297,83267500,0.0,0.0
2023-02-15 00:00:00+09:00,142.14812228256554,142.58482536099902,141.27470224315798,141.3474884033203,87792500,0.0,0.0
2023-02-16 00:00:00+09:00,140.43768480547672,141.966152549348,140.25572634299786,141.52944946289062,83230000,0.0,0.0
2023-02-17 00:00:00+09:00,140.47406491625347,141.7114018435642,140.21932030320775,141.49305725097656,69102500,0.0,0.0
2023-02-20 00:00:00+09:00,142.33007386298596,144.76834763915184,142.14811541264433,144.5500030517578,124452500,0.0,0.0
2023-02-21 00:00:00+09:00,144.55000217379842,145.24144983391298,144.14968525595427,144.29525756835938,93487500,0.0,0.0
2023-02-22 00:00:00+09:00,144.29524832614402,144.5499929152665,143.16708380107391,143.74935913085938,105985000,0.0,0.0
2023-02-24 00:00:00+09:00,143.38544408650029,145.1322700981609,143.3490440689958,144.84112548828125,139812500,0.0,0.0
2023-02-27 00:00:00+09:00,145.2050544578002,145.3142267438876,144.14967608382577,144.33163452148438,93310000,0.0,0.0
2023-02-28 00:00:00+09:00,143.8949423623759,144.73196234485323,143.64019775390625,143.64019775390625,120227500,0.0,0.0
2023-03-01 00:00:00+09:00,143.64017839106032,144.1496675393199,142.83954465377346,142.8759307861328,97510000,0.0,0.0
2023-03-02 00:00:00+09:00,143.02151137594106,144.33163433747507,142.4392360466525,142.58480834960938,134865000,0.0,0.0
2023-03-03 00:00:00+09:00,143.56740340804262,145.64176017728676,143.2398726611862,145.0958709716797,168602500,0.0,0.0
2023-03-06 00:00:00+09:00,145.09587928095695,145.38702390929762,144.51360390681558,144.80474853515625,101190000,0.0,0.0
2023-03-07 00:00:00+09:00,144.00411642372475,146.33321794833512,143.85854410780158,145.31423950195312,144562500,0.0,0.0
2023-03-08 00:00:00+09:00,145.60535592744705,146.55156200532534,145.60535592744705,146.1512451171875,109642500,0.0,0.0
2023-03-09 00:00:00+09:00,146.66073954314464,147.64333179034728,146.47878110089363,146.51516723632812,119150000,0.0,0.0
2023-03-10 00:00:00+09:00,146.11485710904057,146.4059878259731,145.05947875976562,145.05947875976562,160855000,0.0,0.0
2023-03-13 00:00:00+09:00,145.35062999349157,145.6417746340589,143.64020381905064,144.2588653564453,119870000,0.0,0.0
2023-03-14 00:00:00+09:00,144.11328868120847,144.25886099709308,140.83799486904564,142.98513793945312,186532500,0.0,0.0
2023-03-15 00:00:00+09:00,144.11328695104132,144.98670695332288,143.09430851716277,143.64019775390625,136897500,0.0,0.0
2023-03-16 00:00:00+09:00,141.82057407087214,146.18763208350032,141.7477879196565,145.82371520996094,195332500,0.0,0.0
2023-03-17 00:00:00+09:00,145.64175070168417,146.36959830095935,145.27781996077746,145.78732299804688,143542500,0.0,0.0
2023-03-20 00:00:00+09:00,145.7873351108517,146.29682430791397,145.09587358694768,145.27783203125,104967500,0.0,0.0
2023-03-22 00:00:00+09:00,145.86011795203848,148.51675004962047,145.532587206718,147.17022705078125,177355000,0.0,0.0
2023-03-23 00:00:00+09:00,146.0056845571591,146.26042916418052,145.1322784423828,145.1322784423828,126080000,0.0,0.0
2023-03-24 00:00:00+09:00,144.4772111753778,145.1322726767063,144.3316388678516,144.44081115722656,97772500,0.0,0.0
2023-03-27 00:00:00+09:00,145.20507327440126,146.00569328035638,145.05950095239461,145.3506317138672,95135000,0.0,0.0
2023-03-28 00:00:00+09:00,145.7873299092618,146.224032936514,145.2050545787459,145.49618530273438,91010000,0.0,0.0
2023-03-29 00:00:00+09:00,146.11488336205497,147.27943420410156,145.27784942945172,147.27943420410156,162587500,0.0,0.0
2023-03-30 00:00:00+09:00,147.75962609057316,148.12901951921717,146.35590569710502,146.87306213378906,105225000,2.4,0.0
2023-03-31 00:00:00+09:00,146.09734825855162,147.31637211108253,145.9865330324881,146.35592651367188,176227500,0.0,0.0
2023-04-03 00:00:00+09:00,145.8756978957461,146.46673583984375,144.8413709249831,146.46673583984375,112565000,0.0,0.0
2023-04-04 00:00:00+09:00,146.42978129382558,147.68573862858563,146.20815088216264,147.31634521484375,162355000,0.0,0.0
2023-04-05 00:00:00+09:00,147.75962346716773,147.75962346716773,145.65404996007706,145.91262817382812,111275000,0.0,0.0
2023-04-06 00:00:00+09:00,145.43240511855484,146.1342723469466,144.58278897654102,145.50628662109375,126662500,0.0,0.0
2023-04-07 00:00:00+09:00,146.02345175589582,146.02345175589582,145.06302034852374,145.13690185546875,72535000,0.0,0.0
2023-04-10 00:00:00+09:00,145.54323408257093,146.17120571552036,144.65667014560356,145.09994506835938,61135000,0.0,0.0
2023-04-11 00:00:00+09:00,145.91263406046144,146.72531653158322,145.80181884765625,145.80181884765625,91572500,0.0,0.0
2023-04-12 00:00:00+09:00,147.13165127782096,147.57492620094723,146.6144807608086,147.05776977539062,103060000,0.0,0.0
2023-04-13 00:00:00+09:00,147.6118815203886,147.87045977102903,146.68838374197057,147.02084350585938,95372500,0.0,0.0
2023-04-14 00:00:00+09:00,147.09472375353744,147.35330200195312,146.5406194546709,147.35330200195312,97515000,0.0,0.0
2023-04-17 00:00:00+09:00,146.87307391983438,147.20553366887512,146.50368046154784,146.6514434814453,71072500,0.0,0.0
2023-04-18 00:00:00+09:00,147.7596480758102,149.6805251917707,147.57495133400707,149.6066436767578,125712500,0.0,0.0
2023-04-19 00:00:00+09:00,149.6066436767578,150.12380019038986,148.68314587628402,149.6066436767578,84030000,0.0,0.0
2023-04-20 00:00:00+09:00,147.75964564269918,148.94172168052415,147.42718587634482,148.64620971679688,92060000,0.0,0.0
2023-04-21 00:00:00+09:00,148.2398591772724,149.4958166504439,148.05516245004716,148.20291137695312,79557500,0.0,0.0
2023-04-24 00:00:00+09:00,149.08946538511316,149.9021478400854,148.68312415762705,149.2372283935547,104877500,0.0,0.0
2023-04-25 00:00:00+09:00,150.3454151101551,151.34279422911018,150.01295540383674,150.8256378173828,128082500,0.0,0.0
2023-04-26 00:00:00+09:00,150.3823718237884,151.56444782901505,150.34543811363773,150.8625946044922,121245000,0.0,0.0
2023-04-27 00:00:00+09:00,151.0842272806286,151.6013837308896,150.41930781844832,151.41668701171875,90170000,0.0,0.0
2023-04-28 00:00:00+09:00,152.3401894178723,153.26368713378906,152.00772967648396,153.26368713378906,128635000,0.0,0.0
2023-05-01 00:00:00+09:00,153.78084180098503,154.51964278336658,153.26368534075496,154.4088134765625,87687500,0.0,0.0
2023-05-02 00:00:00+09:00,155.1845591275227,155.96030796411532,154.59352111816406,154.59352111816406,115200000,0.0,0.0
2023-05-08 00:00:00+09:00,154.00248591167977,154.9629315015289,153.5592109194575,154.33494567871094,114640000,0.0,0.0
2023-05-09 00:00:00+09:00,154.18720097469418,156.2558270561535,154.18720097469418,155.77560424804688,110565000,0.0,0.0
2023-05-10 00:00:00+09:00,156.07111997504697,156.36664601937264,154.59351793633337,154.77822875976562,104432500,0.0,0.0
2023-05-11 00:00:00+09:00,154.81516874552176,155.44315456944258,154.29801223844458,154.7412872314453,92537500,0.0,0.0
2023-05-12 00:00:00+09:00,155.51700364089453,156.9207240597907,149.20028289304628,151.7491455078125,329805000,0.0,0.0
2023-05-15 00:00:00+09:00,155.4431470073006,160.09756943602056,154.70434599393593,155.11068725585938,390832500,0.0,0.0
2023-05-16 00:00:00+09:00,156.99460441745788,158.06586510013824,153.7069549560547,153.7069549560547,294782500,0.0,0.0
2023-05-17 00:00:00+09:00,154.00247037367996,154.77821914612255,153.15285418620144,153.9285888671875,180447500,0.0,0.0
2023-05-18 00:00:00+09:00,154.22413738492443,154.88905694887075,153.33757326917652,153.48533630371094,163110000,0.0,0.0
2023-05-19 00:00:00+09:00,153.30062615977567,153.4114413802634,151.89690563728294,152.34019470214844,136475000,0.0,0.0
2023-05-22 00:00:00+09:00,151.45364063120715,155.40621012524153,151.26894388775344,155.29539489746094,155712500,0.0,0.0
2023-05-23 00:00:00+09:00,155.77559334893058,156.07111939215253,152.74652186319238,153.96554565429688,198815000,0.0,0.0
2023-05-24 00:00:00+09:00,152.3771103766134,153.1897928078878,152.04465066304255,152.5987548828125,152897500,0.0,0.0
2023-05-25 00:00:00+09:00,151.49055234869616,152.8942727597659,151.45361864195107,152.1554718017578,134072500,0.0,0.0
2023-05-26 00:00:00+09:00,151.67527247591448,152.15548115038658,150.6409454345703,150.6409454345703,164505000,0.0,0.0
2023-05-29 00:00:00+09:00,151.08423574880473,151.5275107179514,150.12379020895355,150.30848693847656,142117500,0.0,0.0
2023-05-30 00:00:00+09:00,149.421930381421,149.97602054544618,148.31373596191406,148.31373596191406,166245000,0.0,0.0
2023-05-31 00:00:00+09:00,147.75963452209461,148.27679098828887,145.91263909056843,146.0973358154297,309405000,0.0,0.0
2023-06-01 00:00:00+09:00,147.6118665184258,148.20290447288716,146.65143512672222,147.4271697998047,166262500,0.0,0.0
2023-06-02 00:00:00+09:00,147.75962649205172,149.42192510837853,147.27940376034485,149.2372283935547,151012500,0.0,0.0
2023-06-05 00:00:00+09:00,150.08686084527295,150.67789885173394,149.45887503696326,150.12379455566406,157757500,0.0,0.0
2023-06-06 00:00:00+09:00,149.34804538556432,152.85733937490022,149.1264008702583,152.5618133544922,149990000,0.0,0.0
2023-06-07 00:00:00+09:00,152.89426455348814,154.00245888529213,151.08421709954786,151.71218872070312,225967500,0.0,0.0
2023-06-08 00:00:00+09:00,151.49054838038526,152.4140460308402,149.64355307947542,149.9021453857422,179130000,0.0,0.0
2023-06-09 00:00:00+09:00,151.26894780580005,153.85474455550218,150.27156845556672,152.67266845703125,272557500,0.0,0.0
2023-06-12 00:00:00+09:00,153.48531821191773,153.59614752048404,151.89690100655088,152.11854553222656,140807500,0.0,0.0
2023-06-13 00:00:00+09:00,151.08422643312477,153.07897071701973,150.9733971290788,151.82301330566406,206260000,0.0,0.0
2023-06-14 00:00:00+09:00,151.15809469513184,152.19242168711028,150.78870125679006,151.41668701171875,223335000,0.0,0.0
2023-06-15 00:00:00+09:00,151.45360787063345,152.70956518248715,150.7517547607422,150.7517547607422,216467500,0.0,0.0
2023-06-16 00:00:00+09:00,150.64092702051846,151.2689127286555,149.64354790156338,150.8256378173828,266042500,0.0,0.0
2023-06-19 00:00:00+09:00,151.8230000649445,151.8230000649445,150.3084645619938,151.08421325683594,148082500,0.0,0.0
2023-06-20 00:00:00+09:00,150.53013427791075,150.7148310108805,149.68051803308393,150.04991149902344,176835000,0.0,0.0
2023-06-21 00:00:00+09:00,150.53011905006903,152.37711437583675,150.1976593277726,152.00772094726562,172467500,0.0,0.0
2023-06-22 00:00:00+09:00,152.41406278722815,154.15024307022478,152.37712907739004,152.82040405273438,178362500,0.0,0.0
2023-06-23 00:00:00+09:00,154.11330555655803,154.15023926548454,151.7860873333903,152.1924285888672,193727500,0.0,0.0
2023-06-26 00:00:00+09:00,152.4509996922285,153.8916538277212,151.7491465238095,152.6356964111328,174235000,0.0,0.0
2023-06-27 00:00:00+09:00,152.7834671807432,155.11068541318508,152.4879411423252,154.63046264648438,201980000,0.0,0.0
2023-06-28 00:00:00+09:00,156.77294902262784,163.53295828404896,156.66213381881937,162.72027587890625,537092500,0.0,0.0
2023-06-29 00:00:00+09:00,165.21372771054794,165.21372771054794,156.07110640394097,158.10279846191406,264059300,0.0,25.0
2023-06-30 00:00:00+09:00,159.48805201096772,159.48805201096772,154.68586672785693,157.45635986328125,224327300,0.0,0.0
2023-07-03 00:00:00+09:00,158.84159941702868,160.13449051988715,157.73340503008484,158.10279846191406,160644300,0.0,0.0
2023-07-04 00:00:00+09:00,157.91810966528763,158.10280639046442,156.34816636409954,156.71755981445312,150755000,0.0,0.0
2023-07-05 00:00:00+09:00,156.6252084712982,156.9022464956005,155.14760658155814,155.79405212402344,141152000,0.0,0.0
2023-07-06 00:00:00+09:00,154.8705666872288,155.1476188248503,153.11592663472106,154.22412109375,157454800,0.0,0.0
2023-07-07 00:00:00+09:00,152.93124606139472,154.7782417186992,152.0077482327425,153.48533630371094,198847800,0.0,0.0
2023-07-10 00:00:00+09:00,153.57766948148384,155.42466487129974,153.48531407541043,154.1317596435547,153163300,0.0,0.0
2023-07-11 00:00:00+09:00,153.48531058787486,153.57766599184976,150.53012084960938,150.53012084960938,184363800,0.0,0.0
2023-07-12 00:00:00+09:00,150.99186968657136,151.91536736049534,150.25306872914092,150.53012084960938,131204300,0.0,0.0
2023-07-13 00:00:00+09:00,150.53011164268952,151.17655715660632,149.32956192172668,150.62246704101562,94563300,0.0,0.0
2023-07-14 00:00:00+09:00,149.60662578876202,151.6383178885897,148.86782481842747,150.06837463378906,111158700,0.0,0.0
2023-07-18 00:00:00+09:00,148.96018547591706,151.08423305622046,148.6831333408415,149.14488220214844,93133500,0.0,0.0
2023-07-19 00:00:00+09:00,150.34542675909657,151.08422772943115,149.51427038317402,150.06837463378906,100715500,0.0,0.0
2023-07-20 00:00:00+09:00,151.45360666089022,152.28474886573989,150.62246445604055,151.08421325683594,98174300,0.0,0.0
2023-07-21 00:00:00+09:00,152.37712701134583,154.40881921987236,152.10007487121558,152.469482421875,154885800,0.0,0.0
2023-07-24 00:00:00+09:00,153.3929852898895,155.14762541695055,153.30062987627255,154.59352111816406,89708000,0.0,0.0
2023-07-25 00:00:00+09:00,156.07110689315329,156.16346229712815,150.0683720126474,150.53012084960938,262073400,0.0,0.0
2023-07-26 00:00:00+09:00,149.6066381045168,149.97603157436467,147.75964257236228,148.49844360351562,216438300,0.0,0.0
2023-07-27 00:00:00+09:00,148.40608819032485,149.51428269132606,147.85199798555306,148.49844360351562,124334300,0.0,0.0
2023-07-28 00:00:00+09:00,147.94432842777405,148.59077399819836,146.92848941466627,148.31373596191406,248444200,0.0,0.0
2023-07-31 00:00:00+09:00,150.0683964239167,151.73069532567334,149.79134425838086,150.4377899169922,170080500,0.0,0.0
2023-08-01 00:00:00+09:00,150.34543110936437,150.34543110936437,149.32957798432844,149.88368225097656,118098900,0.0,0.0
2023-08-02 00:00:00+09:00,148.683127691884,149.4219286601971,147.85198540969208,148.03668212890625,151818200,0.0,0.0
2023-08-03 00:00:00+09:00,147.75964454688537,147.85199996131027,146.83614676846733,147.02084350585938,162794200,0.0,0.0
2023-08-04 00:00:00+09:00,147.48258410193236,147.851991647402,145.5432473311806,146.3743896484375,155700300,0.0,0.0
2023-08-07 00:00:00+09:00,145.9126480102539,148.12903702699114,145.9126480102539,147.7596435546875,124126600,0.0,0.0
2023-08-08 00:00:00+09:00,148.12903075393086,149.97602622014674,147.85199270716416,149.42193603515625,125788900,0.0,0.0
2023-08-09 00:00:00+09:00,149.69900293084123,151.54599857913558,148.77550510669406,150.4377899169922,179479700,0.0,0.0
2023-08-10 00:00:00+09:00,151.17655456212196,151.73065875965847,149.23721805365435,151.08421325683594,166958900,0.0,0.0
2023-08-14 00:00:00+09:00,152.10006977711814,153.1159228930873,151.4536241994363,151.63832092285156,134431800,0.0,0.0
2023-08-15 00:00:00+09:00,152.10005881233005,152.37711092320885,151.08421986104875,151.45361328125,112998600,0.0,0.0
2023-08-16 00:00:00+09:00,150.9918942480639,151.1765909946016,149.97604100491859,150.4377899169922,99291400,0.0,0.0
2023-08-17 00:00:00+09:00,150.530131761329,151.54598491286563,150.16073830156506,150.71482849121094,90398300,0.0,0.0
2023-08-18 00:00:00+09:00,149.6989855259128,150.16073438430064,148.96018453420095,149.88368225097656,103919600,0.0,0.0
2023-08-21 00:00:00+09:00,149.7913234328374,150.71482112859036,149.14487786410166,149.32957458496094,107195800,0.0,0.0
2023-08-22 00:00:00+09:00,149.6066297106377,150.89952087402344,148.9601841289448,150.89952087402344,91966100,0.0,0.0
2023-08-23 00:00:00+09:00,150.53013248584986,151.73068237304688,150.34543575507894,151.73068237304688,75961200,0.0,0.0
2023-08-24 00:00:00+09:00,151.5459971731157,153.30063738613268,151.45364175497446,152.93124389648438,105884600,0.0,0.0
2023-08-25 00:00:00+09:00,152.37712701134583,152.93123129160634,151.361273861354,152.469482421875,89491900,0.0,0.0
2023-08-28 00:00:00+09:00,153.39298141570677,154.1317683401526,153.11592927331094,153.7623748779297,89884300,0.0,0.0
2023-08-29 00:00:00+09:00,154.03942702032555,154.40882048254844,153.11592927331094,153.7623748779297,111240700,0.0,0.0
2023-08-30 00:00:00+09:00,154.13176906066755,155.42467436740628,153.854731008434,154.77822875976562,163101900,0.0,0.0
2023-08-31 00:00:00+09:00,154.8705630960043,155.8864162132413,154.3164729250669,155.42466735839844,172197700,0.0,0.0
2023-09-01 00:00:00+09:00,154.96293538367775,156.53287884286615,154.5935278046898,155.7017364501953,133126100,0.0,0.0
2023-09-04 00:00:00+09:00,155.2399653941183,156.53285650744982,155.05525458525125,156.34815979003906,129810300,0.0,0.0
2023-09-05 00:00:00+09:00,156.0711265745617,156.53287546975272,154.68587988898867,155.1476287841797,150431700,0.0,0.0
2023-09-06 00:00:00+09:00,155.05525888908917,156.34816412976392,154.5935100370175,156.16346740722656,122616800,0.0,0.0
2023-09-07 00:00:00+09:00,155.97877365677832,158.9339779064917,155.88643233113615,158.47222900390625,189425100,0.0,0.0
2023-09-08 00:00:00+09:00,157.36403387878,159.67277858997957,157.27169254520766,158.1951904296875,213009600,0.0,0.0
2023-09-11 00:00:00+09:00,158.93396526099013,159.21100330733242,157.36400784394596,158.01046752929688,118177700,0.0,0.0
2023-09-12 00:00:00+09:00,158.47220902874653,159.7651001564357,158.1951569038256,159.67274475097656,122963300,0.0,0.0
2023-09-13 00:00:00+09:00,159.67274722662881,161.51974263279666,159.21099837508686,160.9656524658203,154576500,0.0,0.0
2023-09-14 00:00:00+09:00,161.61209974738227,162.1662040116703,160.9656541666841,161.24270629882812,176197500,0.0,0.0
2023-09-15 00:00:00+09:00,162.1662255924889,166.22961043316045,161.704476674619,165.39846801757812,270838700,0.0,0.0
2023-09-19 00:00:00+09:00,164.38261320841247,167.15310668945312,163.8285088756209,167.15310668945312,205538600,0.0,0.0
2023-09-20 00:00:00+09:00,166.69133599903074,167.70718911261582,166.3219425530671,166.78369140625,188662900,0.0,0.0
2023-09-21 00:00:00+09:00,165.76785011291503,167.98423912965225,165.67549469911026,166.22959899902344,171839200,0.0,0.0
2023-09-22 00:00:00+09:00,165.58315888328565,167.61485123143567,165.21375130723953,167.33779907226562,188951100,0.0,0.0
2023-09-25 00:00:00+09:00,167.79954964941183,168.3536539732853,167.1531039991983,167.61485290527344,134393600,0.0,0.0
2023-09-26 00:00:00+09:00,168.0765755541074,168.0765755541074,166.6913290522878,167.4301300048828,150313600,0.0,0.0
2023-09-27 00:00:00+09:00,167.61482547135043,169.36946539066645,166.50663109644262,169.1847686767578,195525900,0.0,0.0
2023-09-28 00:00:00+09:00,169.74655316127428,170.7764464390366,167.12498195952833,167.68675231933594,220089400,2.5,0.0
2023-09-29 00:00:00+09:00,168.34214464166936,168.99753388254604,164.87793212296646,165.3460693359375,223658500,0.0,0.0
2023-10-02 00:00:00+09:00,165.34608263630153,167.2186316388127,163.84803771972656,163.84803771972656,181446100,0.0,0.0
2023-10-03 00:00:00+09:00,163.75440455503494,164.22254180566273,162.069121881907,163.84803771972656,152808200,0.0,0.0
2023-10-04 00:00:00+09:00,161.97548332191226,162.72450575525028,159.9156823450437,160.38381958007812,193493500,0.0,0.0
2023-10-05 00:00:00+09:00,161.03919439206177,164.12890272314564,161.03919439206177,162.9117431640625,170782900,0.0,0.0
2023-10-06 00:00:00+09:00,162.91174831514238,163.94165588687258,161.50733669173596,162.06910705566406,172903100,0.0,0.0
2023-10-10 00:00:00+09:00,162.3499848794498,166.56321992946752,162.3499848794498,165.25244140625,174318600,0.0,0.0
2023-10-11 00:00:00+09:00,164.87791827590644,166.0950634982796,164.69065197731416,165.06517028808594,137002100,0.0,0.0
2023-10-12 00:00:00+09:00,165.72056610716615,165.81419926021013,163.84801733759366,164.69065856933594,153005800,0.0,0.0
2023-10-13 00:00:00+09:00,164.69065856933594,165.72056610716615,164.1289025103122,164.69065856933594,132534300,0.0,0.0
2023-10-16 00:00:00+09:00,163.84802697739775,164.12891216664184,160.8519516270939,161.22645568847656,149271500,0.0,0.0
2023-10-17 00:00:00+09:00,161.1328454369088,162.91176125326933,161.0392122733467,162.34999084472656,111911400,0.0,0.0
2023-10-18 00:00:00+09:00,161.97548816832807,162.25637337503593,160.66470958557815,161.32009887695312,117869600,0.0,0.0
2023-10-19 00:00:00+09:00,160.57105096954942,162.63085168155553,160.47741782001663,162.25634765625,118259700,0.0,0.0
2023-10-20 00:00:00+09:00,161.88184317420607,163.37988797623285,161.60097227443833,162.53724670410156,102739100,0.0,0.0
2023-10-23 00:00:00+09:00,162.44359966890278,163.0053699932739,161.78821048141165,162.25634765625,111431600,0.0,0.0
2023-10-24 00:00:00+09:00,162.25635149853804,163.00537385329903,160.47742162017897,162.443603515625,137788600,0.0,0.0
2023-10-25 00:00:00+09:00,162.81811107679766,164.50340783991388,162.5372401882895,163.6607666015625,125001700,0.0,0.0
2023-10-26 00:00:00+09:00,163.56712990455995,163.56712990455995,161.69458116086398,162.443603515625,130434800,0.0,0.0
2023-10-27 00:00:00+09:00,162.63085534784875,164.78428925793392,162.63085534784875,164.22251892089844,128695300,0.0,0.0
2023-10-30 00:00:00+09:00,162.44360735348906,163.09899657198412,161.4136998055586,162.630859375,588903200,0.0,0.0
2023-10-31 00:00:00+09:00,164.9715548121788,166.4695996429258,163.66077630008593,165.5333251953125,200560800,0.0,0.0
2023-11-01 00:00:00+09:00,166.00145447900616,167.40586608325086,165.53331727759124,166.93772888183594,176553500,0.0,0.0
2023-11-02 00:00:00+09:00,167.21860774147532,168.0612489576168,166.188700222713,166.28233337402344,127479500,0.0,0.0
2023-11-06 00:00:00+09:00,166.84408208889081,167.7803564151881,165.62692260742188,165.62692260742188,198864800,0.0,0.0
2023-11-07 00:00:00+09:00,165.72057657809822,167.1249882440143,162.53724918325412,163.75439453125,199026100,0.0,0.0
2023-11-08 00:00:00+09:00,160.8519420335565,161.88183528414098,157.2940965169616,157.57498168945312,303025100,0.0,0.0
2023-11-09 00:00:00+09:00,157.76223106159003,159.8220318146071,157.10684186105001,158.88575744628906,167375100,0.0,0.0
2023-11-10 00:00:00+09:00,158.3240107563237,162.63086453333452,158.3240107563237,161.78822326660156,157788900,0.0,0.0
2023-11-13 00:00:00+09:00,162.34998281285866,163.1926383839845,161.6009746870769,163.00538635253906,113936000,0.0,0.0
2023-11-14 00:00:00+09:00,164.409788972549,164.7842930148355,163.19262940549763,163.6607666015625,87972200,0.0,0.0
2023-11-15 00:00:00+09:00,163.66077494670643,163.9416601359505,160.8519516270939,161.22645568847656,154793200,0.0,0.0
2023-11-16 00:00:00+09:00,160.9455666727749,162.3499782991915,160.85194780286213,161.03919982910156,111288400,0.0,0.0
2023-11-17 00:00:00+09:00,162.0690992972264,164.22251892089844,161.88183299393916,164.22251892089844,119137900,0.0,0.0
2023-11-20 00:00:00+09:00,164.22251910757092,164.31615225932097,162.443603515625,162.443603515625,113236300,0.0,0.0
2023-11-21 00:00:00+09:00,162.16272600043143,163.28625244239382,161.7882219485819,162.818115234375,109266400,0.0,0.0
2023-11-22 00:00:00+09:00,162.06910705566406,163.5671375487826,161.69458871757405,162.06910705566406,96948600,0.0,0.0
2023-11-24 00:00:00+09:00,162.91174100134126,163.0989930187728,161.3200774235533,161.4136962890625,122515600,0.0,0.0
2023-11-27 00:00:00+09:00,161.88182934453164,163.09898885639387,161.50732531922608,162.25634765625,125394600,0.0,0.0
2023-11-28 00:00:00+09:00,162.25634765625,163.19262200592667,161.4136921696933,162.25634765625,104478800,0.0,0.0
2023-11-29 00:00:00+09:00,162.06910740303925,162.16272627295206,161.03919982910156,161.03919982910156,110781400,0.0,0.0
2023-11-30 00:00:00+09:00,161.03919948393383,162.06910705566406,160.47742912000575,162.06910705566406,201184700,0.0,0.0
2023-12-01 00:00:00+09:00,162.91174208769664,163.00537524024338,161.69458253665533,162.1627197265625,146390400,0.0,0.0
2023-12-04 00:00:00+09:00,161.60095238229448,161.69457124188847,160.571044921875,160.571044921875,135226600,0.0,0.0
2023-12-05 00:00:00+09:00,160.38381715961006,160.57106919351494,159.63479473757607,159.91567993164062,141310800,0.0,0.0
2023-12-06 00:00:00+09:00,160.851936131735,162.63085168155553,160.38379895689664,162.25634765625,142109800,0.0,0.0
2023-12-07 00:00:00+09:00,160.290174673329,161.7882194302366,160.10292265031896,161.60096740722656,147473800,0.0,0.0
2023-12-08 00:00:00+09:00,160.6646884105078,161.41369648112524,159.63478088378906,159.63478088378906,212595800,0.0,0.0
2023-12-11 00:00:00+09:00,160.3838105940566,161.03919982910156,160.1029254114905,161.03919982910156,109507700,0.0,0.0
2023-12-12 00:00:00+09:00,160.66470099414067,162.16273153911794,160.477434675406,160.94557189941406,126302900,0.0,0.0
2023-12-13 00:00:00+09:00,162.06911266616493,162.63086876312605,160.94557189941406,160.94557189941406,114944000,0.0,0.0
2023-12-14 00:00:00+09:00,160.664684539461,160.85193655260372,159.44752502441406,159.44752502441406,150861800,0.0,0.0
2023-12-15 00:00:00+09:00,159.1666373862072,160.0092785754515,158.5112482071936,158.97938537597656,221754800,0.0,0.0
2023-12-18 00:00:00+09:00,158.88577168664736,158.97940484643638,157.66861204146164,158.13674926757812,173357100,0.0,0.0
2023-12-19 00:00:00+09:00,158.69851440790842,159.07301846185712,156.82596556533724,158.23037719726562,211524800,0.0,0.0
2023-12-20 00:00:00+09:00,157.10684936675597,159.07301706230874,157.01321621088564,158.51126098632812,167643500,0.0,0.0
2023-12-21 00:00:00+09:00,158.79213966113787,160.10291807113157,158.2303693217616,159.63478088378906,134071500,0.0,0.0
2023-12-22 00:00:00+09:00,159.7284265461245,161.41370912342217,159.7284265461245,160.94557189941406,127002000,0.0,0.0
2023-12-25 00:00:00+09:00,161.320094050147,161.60097924845059,160.1965675433473,160.38381958007812,57828000,0.0,0.0
2023-12-26 00:00:00+09:00,160.47743603335527,160.57106919351494,159.073024349447,159.91567993164062,104936400,0.0,0.0
2023-12-27 00:00:00+09:00,160.29018501254933,161.03920743931744,160.10293297746094,160.66470336914062,114352800,0.0,0.0
2023-12-28 00:00:00+09:00,161.41370912342217,162.81812079544642,160.57106783477332,160.94557189941406,116888800,0.0,0.0
2023-12-29 00:00:00+09:00,161.13284683461956,162.34999225299518,160.00930600778813,161.32009887695312,147771100,0.0,0.0
2024-01-04 00:00:00+09:00,159.26027529946873,162.25635041203734,158.6985049655564,161.694580078125,161224000,0.0,0.0
2024-01-05 00:00:00+09:00,162.44361118252547,163.8480228065819,162.06910713067597,162.818115234375,185151700,0.0,0.0
2024-01-09 00:00:00+09:00,162.81810970043625,164.22252127675887,162.81810970043625,163.941650390625,156436300,0.0,0.0
2024-01-10 00:00:00+09:00,164.97153343629628,166.09505977057051,164.6906482811246,165.62692260742188,168389900,0.0,0.0
2024-01-11 00:00:00+09:00,167.5931113075396,169.09115600585938,167.31222614080303,169.09115600585938,202652000,0.0,0.0
2024-01-12 00:00:00+09:00,169.84015922584533,171.1509518711029,168.52938086700036,168.9038848876953,215851600,0.0,0.0
2024-01-15 00:00:00+09:00,169.46567739684724,171.52547835322767,169.46567739684724,171.33822631835938,41607100,0.0,0.0
2024-01-16 00:00:00+09:00,176.0195835281865,176.3940875658088,173.77253072962603,174.89605712890625,182391200,0.0,0.0
2024-01-17 00:00:00+09:00,175.45780670427112,178.92203321317558,174.89605066858783,176.0195770263672,244854000,0.0,0.0
2024-01-18 00:00:00+09:00,176.019590891046,177.23675049385199,175.73870570787327,176.30047607421875,134889900,0.0,0.0
2024-01-19 00:00:00+09:00,176.4877193257165,177.2367416814637,174.80242259688856,175.17694091796875,152763600,0.0,0.0
2024-01-22 00:00:00+09:00,176.95586985753064,179.0156707763672,176.58136579462007,179.0156707763672,165392000,0.0,0.0
2024-01-23 00:00:00+09:00,179.67104738224128,180.60732176002557,177.61124660839846,177.7048797607422,144947500,0.0,0.0
2024-01-24 00:00:00+09:00,176.9558642578125,177.51763462081553,174.98968227371574,175.55145263671875,138930800,0.0,0.0
2024-01-25 00:00:00+09:00,174.70880264793362,176.30046621501717,174.42791748046875,174.42791748046875,101700700,0.0,0.0
2024-01-26 00:00:00+09:00,173.67888933983022,174.0533933596907,171.71270751953125,171.71270751953125,145135700,0.0,0.0
2024-01-29 00:00:00+09:00,171.71270972304046,173.49163955623737,171.71270972304046,173.21075439453125,91501900,0.0,0.0
2024-01-30 00:00:00+09:00,175.0833132328402,175.64508358879445,173.3043975830078,173.3043975830078,136840500,0.0,0.0
2024-01-31 00:00:00+09:00,173.21075794572965,174.42791748046875,172.1808504271628,174.42791748046875,141456800,0.0,0.0
2024-02-01 00:00:00+09:00,173.86617235192827,175.92597340127026,173.77255347347622,175.2705841064453,122600400,0.0,0.0
2024-02-02 00:00:00+09:00,175.55145263671875,176.20684186927974,174.708811378628,175.55145263671875,104495700,0.0,0.0
2024-02-05 00:00:00+09:00,177.04949635133266,177.23674837573873,174.5215440194028,174.80242919921875,127494200,0.0,0.0
2024-02-06 00:00:00+09:00,174.1470265078621,174.615163675894,171.71270751953125,171.71270751953125,159652800,0.0,0.0
2024-02-07 00:00:00+09:00,169.8401588474037,172.36811098390598,169.09115080768277,171.71270751953125,140669200,0.0,0.0
2024-02-08 00:00:00+09:00,172.55538032933637,173.117136415563,167.87400817871094,167.87400817871094,277836200,0.0,0.0
2024-02-09 00:00:00+09:00,166.93772589996954,170.30830511810288,165.53331432081066,169.27841186523438,202669800,0.0,0.0
2024-02-13 00:00:00+09:00,170.40195747501943,170.963727884558,168.34215645073624,169.46568298339844,153824400,0.0,0.0
2024-02-14 00:00:00+09:00,168.6230250913756,170.3083075816132,168.43575878231493,169.74655151367188,151747000,0.0,0.0
2024-02-15 00:00:00+09:00,171.15097992559922,171.24459880291232,168.81029369654675,169.46568298339844,165043300,0.0,0.0
2024-02-16 00:00:00+09:00,170.4955736526174,173.67890089241428,170.12105532143252,171.5254669189453,209983200,0.0,0.0
2024-02-19 00:00:00+09:00,170.49557389067388,170.96371109049846,169.74655151367188,169.74655151367188,119497000,0.0,0.0
2024-02-20 00:00:00+09:00,171.52546575809484,172.18085497521588,170.02743530273438,170.02743530273438,154037500,0.0,0.0
2024-02-21 00:00:00+09:00,169.1847722499649,170.9637020874671,169.1847722499649,170.4019317626953,157198600,0.0,0.0
2024-02-22 00:00:00+09:00,169.8401640686062,170.68281956881597,169.09115600585938,169.09115600585938,179049000,0.0,0.0
2024-02-26 00:00:00+09:00,168.52938306200633,170.49556491229487,167.87399387404778,170.4019317626953,211867600,0.0,0.0
2024-02-27 00:00:00+09:00,170.87008666992188,171.80636111742828,170.40194944616866,170.87008666992188,127585600,0.0,0.0
2024-02-28 00:00:00+09:00,171.43184666626146,172.64899194514385,170.49557227548212,171.8063507080078,131490200,0.0,0.0
2024-02-29 00:00:00+09:00,171.43185320903982,172.18086132111878,170.68283081054688,170.68283081054688,140079700,0.0,0.0
2024-03-01 00:00:00+09:00,170.49557668841322,170.58919555806622,169.18478393554688,169.18478393554688,184182700,0.0,0.0
2024-03-04 00:00:00+09:00,169.4656691173335,170.68282871413302,168.99753190982707,169.18478393554688,156417800,0.0,0.0
2024-03-05 00:00:00+09:00,168.52939470232062,169.93380632483996,168.52939470232062,169.18478393554688,139326000,0.0,0.0
2024-03-06 00:00:00+09:00,168.71664500892527,171.52546822534381,168.71664500892527,170.49557495117188,153554100,0.0,0.0
2024-03-07 00:00:00+09:00,169.93379919467412,172.55537030399583,169.84016604253603,172.3681182861328,189961200,0.0,0.0
2024-03-08 00:00:00+09:00,173.023520048468,173.6789093017578,171.3382231925697,173.6789093017578,194965400,0.0,0.0
2024-03-11 00:00:00+09:00,173.30439577038547,173.30439577038547,169.18477987144064,170.7764434814453,174603900,0.0,0.0
2024-03-12 00:00:00+09:00,169.74655814125236,170.68283257745736,168.529398516903,169.37203979492188,157159400,0.0,0.0
2024-03-13 00:00:00+09:00,169.3720268861829,170.02743037070596,168.5293856723862,169.09115600585938,122312000,0.0,0.0
2024-03-14 00:00:00+09:00,168.9975315677734,170.589195212791,168.71664638655528,170.21469116210938,119554300,0.0,0.0
2024-03-15 00:00:00+09:00,168.99752807617188,170.3083065128898,168.9038949222291,168.99752807617188,196363100,0.0,0.0
2024-03-18 00:00:00+09:00,169.55930611129418,170.21469535935486,169.1847877649637,169.37203979492188,140511200,0.0,0.0
2024-03-19 00:00:00+09:00,169.46566739058628,171.24458304641922,168.810278164038,170.49557495117188,183215300,0.0,0.0
2024-03-21 00:00:00+09:00,170.49557422174524,171.3382154685003,168.52939226409865,168.71664428710938,303574300,0.0,0.0
2024-03-22 00:00:00+09:00,169.4656647310595,172.36812105704078,169.2784127101863,171.8063507080078,234835100,0.0,0.0
2024-03-25 00:00:00+09:00,172.55538597462515,172.64900484885206,170.87008908798134,171.33822631835938,136082300,0.0,0.0
2024-03-26 00:00:00+09:00,171.99362422072258,173.39803598238294,171.05734971294902,172.46176147460938,150796400,0.0,0.0
2024-03-27 00:00:00+09:00,172.2744903564453,173.02351273701694,171.99360517792925,172.2744903564453,190678800,0.0,0.0
2024-03-28 00:00:00+09:00,171.89462509155274,172.74934395023158,170.94493103027344,170.94493103027344,194143300,2.6,0.0
2024-03-29 00:00:00+09:00,171.03988018584442,171.70466302926633,170.37508285124335,170.8499298095703,128675300,0.0,0.0
2024-04-01 00:00:00+09:00,170.94492146991104,171.03989666719988,167.81092834472656,167.81092834472656,219683100,0.0,0.0
2024-04-02 00:00:00+09:00,168.09583620833357,169.4254019976901,167.62098921339478,168.4757080078125,159739500,0.0,0.0
2024-04-03 00:00:00+09:00,168.09584145937706,168.8555995732488,167.3360833455053,168.38075256347656,173358100,0.0,0.0
2024-04-04 00:00:00+09:00,169.04553902762277,169.04553902762277,166.0065209995197,166.1964569091797,278400200,0.0,0.0
2024-04-05 00:00:00+09:00,165.24676286969867,166.38639281883968,164.29706883021763,166.1964569091797,177545800,0.0,0.0
2024-04-08 00:00:00+09:00,165.72161634831008,167.146157463052,165.72161634831008,166.6713104248047,153481300,0.0,0.0
2024-04-09 00:00:00+09:00,166.86122987035813,168.00085975141812,166.4813580737315,167.90589904785156,152408900,0.0,0.0
2024-04-10 00:00:00+09:00,167.9058957276655,167.9058957276655,166.29141888715694,166.76626586914062,103794100,0.0,0.0
2024-04-11 00:00:00+09:00,166.48135375976562,167.2411118245117,165.81657088730523,166.48135375976562,111470800,0.0,0.0
2024-04-12 00:00:00+09:00,166.19644715812453,166.86123004852098,165.8165753610923,166.38638305664062,135428400,0.0,0.0
2024-04-15 00:00:00+09:00,165.72159890255577,166.29142108493917,164.9618408231046,165.8165740966797,144592800,0.0,0.0
2024-04-16 00:00:00+09:00,164.3920312556385,164.77190304543845,163.0624510089789,163.72723388671875,230615900,0.0,0.0
2024-04-17 00:00:00+09:00,163.53729581641537,163.6322710081919,160.78318914905165,161.35299682617188,190922100,0.0,0.0
2024-04-18 00:00:00+09:00,160.59325849127032,162.2077353658383,160.49828329639803,161.25804138183594,179465200,0.0,0.0
2024-04-19 00:00:00+09:00,159.6435636699984,159.8334995675667,157.64920051758105,159.45361328125,324954800,0.0,0.0
2024-04-22 00:00:00+09:00,162.30268198599344,163.8221980250159,162.20772129054137,163.34735107421875,193572200,0.0,0.0
2024-04-23 00:00:00+09:00,163.63227538959396,164.67693007120914,162.39767031933957,162.7775421142578,133773700,0.0,0.0
2024-04-24 00:00:00+09:00,163.72724036866396,163.72724036866396,161.2580446548493,162.39767456054688,192816500,0.0,0.0
2024-04-25 00:00:00+09:00,161.44796545568565,162.49263455804703,160.49827154124043,160.87814331054688,164722700,0.0,0.0
2024-04-26 00:00:00+09:00,160.02342119837743,160.40329295964685,159.07372730402503,159.73851013183594,219864600,0.0,0.0
2024-04-30 00:00:00+09:00,161.73288616876977,162.3026938566943,160.78319219771555,162.20773315429688,152798700,0.0,0.0
2024-05-01 00:00:00+09:00,161.63790995716403,162.5876039222369,161.3529988694062,161.92282104492188,87150900,0.0,0.0
2024-05-02 00:00:00+09:00,162.39767253312203,162.39767253312203,161.06810674160369,161.82785034179688,123658200,0.0,0.0
2024-05-07 00:00:00+09:00,161.92282427240156,162.2077353658383,160.3083473978336,161.25804138183594,144726800,0.0,0.0
2024-05-08 00:00:00+09:00,161.5429579790055,162.0178049871846,159.64356994628906,159.64356994628906,132531200,0.0,0.0
2024-05-09 00:00:00+09:00,159.6435636699984,160.68821835221405,159.45361328125,159.45361328125,130100900,0.0,0.0
2024-05-10 00:00:00+09:00,160.49827673463423,161.54294587079897,152.80574998224208,154.1353302001953,437076500,0.0,0.0
2024-05-13 00:00:00+09:00,152.04601524682525,153.470556247297,151.9510400503216,152.14097595214844,318639200,0.0,0.0
2024-05-14 00:00:00+09:00,151.9510279927508,153.18563299342773,151.47618103027344,151.47618103027344,289391900,0.0,0.0
2024-05-15 00:00:00+09:00,150.146627415791,151.0013462205673,148.81704711914062,148.81704711914062,322152100,0.0,0.0
2024-05-16 00:00:00+09:00,148.81703942528526,149.67177267705222,145.6830464844991,146.25286865234375,381523400,0.0,0.0
2024-05-17 00:00:00+09:00,144.3534948707652,148.62711807417602,143.97362304915669,144.16355895996094,417046700,0.0,0.0
2024-05-20 00:00:00+09:00,144.3534948707652,146.63275478277853,143.878647848164,144.16355895996094,357280500,0.0,0.0
2024-05-21 00:00:00+09:00,145.30316714499784,145.5880782141062,144.63838431119768,145.49310302734375,206234500,0.0,0.0
2024-05-22 00:00:00+09:00,147.01263326458923,148.24723835582438,146.1578999747278,146.72772216796875,220480300,0.0,0.0
2024-05-23 00:00:00+09:00,146.06292940410006,146.5377763693337,144.35347743102312,145.1132354736328,211366700,0.0,0.0
2024-05-24 00:00:00+09:00,144.3534719343284,145.113229948008,143.783649801274,144.9232940673828,200563900,0.0,0.0
2024-05-27 00:00:00+09:00,145.77802698180864,147.9623260498047,145.20820479322524,147.9623260498047,217613000,0.0,0.0
2024-05-28 00:00:00+09:00,148.34218684906853,148.91200899540178,145.4931050997605,146.06292724609375,236008300,0.0,0.0
2024-05-29 00:00:00+09:00,145.87300127344574,146.63274486527754,144.35348510742188,144.35348510742188,215768300,0.0,0.0
2024-05-30 00:00:00+09:00,144.163539484592,145.30316928664357,143.59371733797664,144.5434112548828,170568400,0.0,0.0
2024-05-31 00:00:00+09:00,144.3534817579351,146.91765254882034,144.3534817579351,146.53778076171875,301193300,0.0,0.0
2024-06-03 00:00:00+09:00,148.05727917273498,148.53212614184727,146.82268864598666,147.2025604248047,156841600,0.0,0.0
2024-06-04 00:00:00+09:00,146.72772115324386,146.9176570526172,145.87300236047378,146.44281005859375,151724000,0.0,0.0
2024-06-05 00:00:00+09:00,144.92331382189496,145.3031856349257,144.35349161116804,144.82833862304688,212277000,0.0,0.0
2024-06-06 00:00:00+09:00,144.3534883477011,144.44846354440202,142.92894734426983,143.68870544433594,324085100,0.0,0.0
2024-06-07 00:00:00+09:00,142.45408630371094,143.02390844539738,142.45408630371094,142.45408630371094,260569900,0.0,0.0
2024-06-10 00:00:00+09:00,142.83396143931478,143.7836553704038,141.97924269780643,143.59371948242188,205286400,0.0,0.0
2024-06-11 00:00:00+09:00,142.92892350256875,143.97359252729794,142.64401245117188,142.64401245117188,171467200,0.0,0.0
2024-06-12 00:00:00+09:00,142.3591154436801,142.45409063390784,140.1748309802371,140.55470275878906,362473600,0.0,0.0
2024-06-13 00:00:00+09:00,140.55471251378634,140.93458431870278,139.6050185103148,140.36477661132812,288604400,0.0,0.0
2024-06-14 00:00:00+09:00,138.65531051687822,139.51002923729146,138.08548837581668,139.13015747070312,421260300,0.0,0.0
2024-06-17 00:00:00+09:00,137.89556784052306,139.13017295611724,137.23078492941255,137.61065673828125,234210900,0.0,0.0
2024-06-18 00:00:00+09:00,136.75592481475513,139.03518443186272,136.75592481475513,138.1804656982422,188528400,0.0,0.0
2024-06-19 00:00:00+09:00,138.18047646405245,138.4653875611835,137.13580727163216,138.27545166015625,199446400,0.0,0.0
2024-06-20 00:00:00+09:00,138.37040812546573,139.2251413906701,137.99053633505036,138.6553192138672,174165700,0.0,0.0
2024-06-21 00:00:00+09:00,138.65531703404017,141.1245271064607,138.65531703404017,139.60501098632812,244113400,0.0,0.0
2024-06-24 00:00:00+09:00,140.55471154453065,141.9792525399144,140.0798645460694,141.88427734375,213447200,0.0,0.0
2024-06-25 00:00:00+09:00,141.8842815937812,143.30882263183594,141.12453796642995,143.30882263183594,210781500,0.0,0.0
2024-06-26 00:00:00+09:00,143.4037943454136,143.7836661498564,141.7893174397609,143.68870544433594,211789000,0.0,0.0
2024-06-27 00:00:00+09:00,142.83397214756891,143.68870544433594,142.16918924420375,143.68870544433594,210597700,0.0,0.0
2024-06-28 00:00:00+09:00,144.2585196697725,145.7780359385688,143.97362304915669,144.16355895996094,243807700,0.0,0.0
2024-07-01 00:00:00+09:00,146.34784498289906,148.53212949721532,145.49311172448068,148.34219360351562,285904100,0.0,0.0
2024-07-02 00:00:00+09:00,149.1019516694942,149.19692686193397,147.48747483627707,148.34219360351562,258892300,0.0,0.0
2024-07-03 00:00:00+09:00,149.10194835000985,150.5264892578125,148.81703727021343,150.5264892578125,262907200,0.0,0.0
2024-07-04 00:00:00+09:00,151.00133388533484,151.09630907418727,149.29188192424616,149.67176818847656,220243000,0.0,0.0
2024-07-05 00:00:00+09:00,149.5767822002059,149.67175738220112,147.86733036253932,148.05726623535156,199500900,0.0,0.0
2024-07-08 00:00:00+09:00,147.20256363473644,147.48747472065253,145.20820052450358,146.53778076171875,250576800,0.0,0.0
2024-07-09 00:00:00+09:00,146.5377818854502,149.1019526959989,145.77802381424098,148.62710571289062,214952300,0.0,0.0
2024-07-10 00:00:00+09:00,148.34218485735252,150.3365478515625,147.86733790551006,150.3365478515625,226569200,0.0,0.0
2024-07-11 00:00:00+09:00,151.00133406779608,152.23593906847304,150.43151191635155,151.47618103027344,228263700,0.0,0.0
2024-07-12 00:00:00+09:00,150.90638183850447,152.42589814609076,150.52651000719865,150.71644592285156,250559800,0.0,0.0
2024-07-16 00:00:00+09:00,151.47619983151267,151.85607165217257,148.43718179269032,149.29190063476562,182234100,0.0,0.0
2024-07-17 00:00:00+09:00,149.57679862382346,151.85605833019073,149.4818234313999,151.66612243652344,181478900,0.0,0.0
2024-07-18 00:00:00+09:00,151.09632324722207,153.09067197958205,150.62147624077724,152.71080017089844,202725800,0.0,0.0
2024-07-19 00:00:00+09:00,152.0460119475874,152.80575553840904,150.71643168128932,151.0013427734375,166570000,0.0,0.0
2024-07-22 00:00:00+09:00,151.47619204164897,151.85606384277344,149.95667585479038,151.85606384277344,136123300,0.0,0.0
2024-07-23 00:00:00+09:00,153.47054745500824,153.56550815489118,151.7610954541401,152.61581420898438,165793000,0.0,0.0
2024-07-24 00:00:00+09:00,151.95103016561515,152.33090194455738,150.4315140674872,150.5264892578125,168571900,0.0,0.0
2024-07-25 00:00:00+09:00,149.10195254584343,151.00134047636374,148.9120166510274,150.14662170410156,190618100,0.0,0.0
2024-07-26 00:00:00+09:00,151.28624522946194,151.57115630534605,149.9566650390625,149.9566650390625,155075500,0.0,0.0
2024-07-29 00:00:00+09:00,150.7164284770071,152.14096941628162,150.43151739091624,151.66612243652344,126280000,0.0,0.0
2024-07-30 00:00:00+09:00,150.81142112626875,151.1912929575746,150.05166297247564,150.71644592285156,138139600,0.0,0.0
2024-07-31 00:00:00+09:00,150.2415632814372,152.61579789236757,150.14660259170682,152.3308868408203,173907800,0.0,0.0
2024-08-01 00:00:00+09:00,151.2862550037873,151.47619090292167,146.8226961638181,147.9623260498047,250955100,0.0,0.0
2024-08-02 00:00:00+09:00,144.25849702186386,147.20255389626058,143.6886893789082,145.20819091796875,292366900,0.0,0.0
2024-08-05 00:00:00+09:00,140.64966899816525,143.78364719972336,135.33137748981346,137.7056121826172,455092600,0.0,0.0
2024-08-06 00:00:00+09:00,142.45409969898665,144.25851249870166,137.04084680866123,138.5603485107422,396866700,0.0,0.0
2024-08-07 00:00:00+09:00,137.70562832933592,144.25851105336326,137.23078133509685,141.31446838378906,397287200,0.0,0.0
2024-08-08 00:00:00+09:00,139.13017951430874,142.0742368909475,137.7056384271315,138.08551025390625,284017400,0.0,0.0
2024-08-09 00:00:00+09:00,137.70562423058053,139.6050121510023,137.32575244296808,138.3704071044922,274674000,0.0,0.0
2024-08-13 00:00:00+09:00,140.0798580901816,142.0742211882764,139.69998630539197,141.409423828125,191822600,0.0,0.0
2024-08-14 00:00:00+09:00,142.16918839628855,142.73901059073475,139.2251457014642,140.07986450195312,209370900,0.0,0.0
2024-08-15 00:00:00+09:00,140.74463752120195,142.45408949335814,140.17482985793615,141.789306640625,133632800,0.0,0.0
2024-08-16 00:00:00+09:00,143.4987532620978,144.16353609004298,142.26414830095462,143.40377807617188,167453900,0.0,0.0
2024-08-19 00:00:00+09:00,143.40378145283123,145.01825821333588,142.73899860923274,144.5434112548828,131794100,0.0,0.0
2024-08-20 00:00:00+09:00,144.35348510742188,145.11324319043382,144.0685740148949,144.35348510742188,152627700,0.0,0.0
2024-08-21 00:00:00+09:00,142.833968941398,144.35348510742188,142.26416124752416,144.35348510742188,122849000,0.0,0.0
2024-08-22 00:00:00+09:00,143.97360909156947,144.7333526611328,143.5937228156081,144.7333526611328,95919200,0.0,0.0
2024-08-23 00:00:00+09:00,144.54342100537983,145.58809018091875,144.16354920946392,144.35348510742188,119974700,0.0,0.0
2024-08-26 00:00:00+09:00,144.3534753697374,145.01825821333588,143.6886925261389,144.5434112548828,103760300,0.0,0.0
2024-08-27 00:00:00+09:00,144.82831600677483,147.77237281715443,144.82831600677483,147.39248657226562,132204800,0.0,0.0
2024-08-28 00:00:00+09:00,146.5377678808282,147.96230869400958,146.44279269681135,147.39248657226562,113543700,0.0,0.0
2024-08-29 00:00:00+09:00,148.15225237709524,149.9566650390625,147.39249433846402,149.9566650390625,226067900,0.0,0.0
2024-08-30 00:00:00+09:00,149.671767226231,149.76672792329367,147.67740420258616,147.86734008789062,207328400,0.0,0.0
2024-09-02 00:00:00+09:00,148.15225872978235,148.62710571289062,147.39250065857314,148.62710571289062,110446200,0.0,0.0
2024-09-03 00:00:00+09:00,148.72207758638254,150.8114013671875,148.34219131366734,150.8114013671875,134970900,0.0,0.0
2024-09-04 00:00:00+09:00,148.1522641804961,148.7220863776625,146.25287617818205,147.01263427734375,218188500,0.0,0.0
2024-09-05 00:00:00+09:00,145.87299486013063,149.10194845699502,145.87299486013063,149.00697326660156,148652700,0.0,0.0
2024-09-06 00:00:00+09:00,148.15226093059184,149.00697971641165,147.20256695026754,147.6774139404297,157246900,0.0,0.0
2024-09-09 00:00:00+09:00,145.01826907652344,146.9176570526172,144.82833317715009,146.44281005859375,170081900,0.0,0.0
2024-09-10 00:00:00+09:00,145.96794090472,146.15787677525856,142.54905176149163,142.64401245117188,247502600,0.0,0.0
2024-09-11 00:00:00+09:00,142.54906919623042,142.9289409837685,140.83961716994938,141.6943359375,218104700,0.0,0.0
2024-09-12 00:00:00+09:00,140.55469848632814,142.6440221872134,139.88991564847996,142.45408630371094,267649000,0.0,0.0
2024-09-13 00:00:00+09:00,142.45409827172682,143.40379226020502,141.31446838378906,141.31446838378906,175862400,0.0,0.0
2024-09-17 00:00:00+09:00,140.74463442891778,141.21948138346283,139.32009356528263,140.9345703125,229609900,0.0,0.0
2024-09-18 00:00:00+09:00,141.40941934247545,141.97924149276426,140.45972541944693,141.50439453125,146308200,0.0,0.0
2024-09-19 00:00:00+09:00,142.4540765806333,143.59370629504278,142.16916552923644,142.64401245117188,151222500,0.0,0.0
2024-09-20 00:00:00+09:00,142.644031949252,143.1188789360945,141.88427387206798,142.26416015625,261980100,0.0,0.0
2024-09-24 00:00:00+09:00,142.6440221872134,143.4987553997431,142.074214536706,142.45408630371094,151273400,0.0,0.0
2024-09-25 00:00:00+09:00,142.1691861541531,142.83396904306917,141.02955627441406,141.02955627441406,159343700,0.0,0.0
2024-09-26 00:00:00+09:00,141.40943114413764,143.68870544433594,140.93458414299388,143.68870544433594,240243300,0.0,0.0
2024-09-27 00:00:00+09:00,143.78533342646762,145.23478232241072,143.1089268906055,144.7516326904297,195558600,2.6,0.0
2024-09-30 00:00:00+09:00,142.14263016002448,144.07522872239295,141.65948051943235,141.8527374267578,224760500,0.0,0.0
2024-10-01 00:00:00+09:00,142.4324951171875,143.01228053067462,141.46619592441266,142.4324951171875,193368400,0.0,0.0
2024-10-02 00:00:00+09:00,141.56283174151235,142.5291309342872,141.36957485186852,142.4324951171875,193771100,0.0,0.0
2024-10-03 00:00:00+09:00,143.39878655141,144.65497838296247,142.52912322278777,143.49542236328125,168221200,0.0,0.0
2024-10-04 00:00:00+09:00,143.3988037109375,143.88195333899935,142.52914027824875,143.3988037109375,157401100,0.0,0.0
2024-10-07 00:00:00+09:00,144.65498594052858,144.8482428298131,143.78532256647037,144.55836486816406,144291300,0.0,0.0
2024-10-08 00:00:00+09:00,143.3988061391083,144.1718485060085,142.7223995972794,143.30218505859375,149255700,0.0,0.0
2024-10-09 00:00:00+09:00,144.17183354568837,144.84824001732838,143.30217018851621,143.97857666015625,156108600,0.0,0.0
2024-10-10 00:00:00+09:00,145.0415229879724,146.29770021442718,144.65499444213089,144.84825134277344,165207100,0.0,0.0
2024-10-11 00:00:00+09:00,143.68868982444386,144.75162485508858,142.9156475062073,143.0122833251953,172433500,0.0,0.0
2024-10-15 00:00:00+09:00,143.78532965813932,144.17184345577172,142.1426239013672,142.1426239013672,199494300,0.0,0.0
2024-10-16 00:00:00+09:00,142.14262888052184,143.5920777892509,141.9493572303792,143.30218505859375,149167300,0.0,0.0
2024-10-17 00:00:00+09:00,143.20554021861548,143.39879711203565,142.7223906127871,143.0122833251953,123670200,0.0,0.0
2024-10-18 00:00:00+09:00,142.5291243053618,143.01227387927827,142.0459747314453,142.0459747314453,123590000,0.0,0.0
2024-10-21 00:00:00+09:00,142.04598687031967,142.14262269118313,140.69317384556763,140.789794921875,160667200,0.0,0.0
2024-10-22 00:00:00+09:00,140.59654044700284,140.69317626953125,139.6302411999444,140.69317626953125,203516500,0.0,0.0
2024-10-23 00:00:00+09:00,140.69316291296374,141.56282625493316,140.59652709960938,140.59652709960938,121877100,0.0,0.0
2024-10-24 00:00:00+09:00,140.1133841025374,141.07968330324456,139.9201272113071,140.98304748535156,137705400,0.0,0.0
2024-10-25 00:00:00+09:00,140.98305808394062,141.17632973425603,140.01675881059063,140.49990844726562,117503100,0.0,0.0
2024-10-28 00:00:00+09:00,140.1133957717148,142.23925124140874,139.82350303844814,141.8527374267578,151094500,0.0,0.0
2024-10-29 00:00:00+09:00,142.23923822754364,143.30217323741817,142.1426171549995,142.4324951171875,112061400,0.0,0.0
2024-10-30 00:00:00+09:00,142.14262614498605,143.30218230074232,142.14262614498605,142.72239685058594,234652900,0.0,0.0
2024-10-31 00:00:00+09:00,142.72239685058594,143.20554647753076,142.43250412550776,142.72239685058594,164632700,0.0,0.0
2024-11-01 00:00:00+09:00,142.04598133789978,143.01228053067462,141.75608863115622,142.4324951171875,122261300,0.0,0.0
2024-11-05 00:00:00+09:00,142.43248849275656,142.5291243053618,140.7897828903515,142.0459747314453,135516900,0.0,0.0
2024-11-06 00:00:00+09:00,141.5628313677024,142.62576637477014,141.0796817725908,141.75608825683594,177144900,0.0,0.0
2024-11-07 00:00:00+09:00,141.1763142456615,147.16736613423578,141.1763142456615,146.10443115234375,369801000,0.0,0.0
2024-11-08 00:00:00+09:00,147.8437836557601,149.5831252359156,145.71792827759506,146.29769897460938,246117100,0.0,0.0
2024-11-11 00:00:00+09:00,146.29768803689998,146.78083762056815,145.42802468411935,146.10443115234375,128276900,0.0,0.0
2024-11-12 00:00:00+09:00,146.10444914949875,147.36064117068483,145.71793533277548,146.68423461914062,152049800,0.0,0.0
2024-11-13 00:00:00+09:00,146.87749152750226,147.7471549874081,145.1381498631336,146.68423461914062,183171500,0.0,0.0
2024-11-14 00:00:00+09:00,146.00781718968815,147.1673732980254,145.9111813704284,146.490966796875,140642700,0.0,0.0
2024-11-15 00:00:00+09:00,146.58758553676367,149.87301166003823,146.29769282815772,149.38986206054688,226027900,0.0,0.0
2024-11-18 00:00:00+09:00,148.8100789022953,150.1628919035847,148.6168220084762,149.96963500976562,133843800,0.0,0.0
2024-11-19 00:00:00+09:00,150.16289036119213,151.32246120130787,149.87301239571892,150.74267578125,125869700,0.0,0.0
2024-11-20 00:00:00+09:00,151.61234108607573,151.70897690549396,149.58312157929632,150.6460418701172,115634100,0.0,0.0
2024-11-21 00:00:00+09:00,150.93592872905592,152.09548479431618,150.06626536624955,151.61233520507812,123419900,0.0,0.0
2024-11-22 00:00:00+09:00,151.22582538311298,151.5157180931419,149.9696334693581,150.74267578125,133500500,0.0,0.0
2024-11-25 00:00:00+09:00,150.74268605741977,150.9359429624282,148.5201947884311,149.5831298828125,253417500,0.0,0.0
2024-11-26 00:00:00+09:00,148.90671868697186,149.38986830666408,148.13367634655302,149.0999755859375,106132700,0.0,0.0
2024-11-27 00:00:00+09:00,148.32692349227472,148.6168161939394,146.68421784224853,147.45726013183594,156055200,0.0,0.0
2024-11-28 00:00:00+09:00,146.4909663343995,149.29322814941406,146.39433051544486,149.29322814941406,119994200,0.0,0.0
2024-11-29 00:00:00+09:00,149.2932206212098,149.2932206212098,148.23028564453125,148.23028564453125,97729900,0.0,0.0
2024-12-02 00:00:00+09:00,149.48648540294,150.54942043577873,148.42356511465712,149.96963500976562,128034700,0.0,0.0
2024-12-03 00:00:00+09:00,149.48647996134176,151.70897102074787,149.48647996134176,151.61233520507812,169742200,0.0,0.0
2024-12-04 00:00:00+09:00,151.70897969498802,151.902236592822,150.35616666559403,151.225830078125,137360300,0.0,0.0
2024-12-05 00:00:00+09:00,150.54941227885604,150.93592604555246,149.4864773036082,150.3561553955078,151837700,0.0,0.0
2024-12-06 00:00:00+09:00,150.935931138571,152.28875885676703,150.6460384314893,151.51571655273438,134611700,0.0,0.0
2024-12-09 00:00:00+09:00,151.51571528007514,152.09548594481316,149.8730096131509,150.1628875732422,139219200,0.0,0.0
2024-12-10 00:00:00+09:00,152.2887663722429,152.2887663722429,149.48648972490113,149.77638244628906,135136700,0.0,0.0
2024-12-11 00:00:00+09:00,149.8730058148597,150.4527764649044,149.29322042025998,150.3561553955078,117501800,0.0,0.0
2024-12-12 00:00:00+09:00,150.35616199758192,151.61233916678108,150.06626928755298,150.74267578125,134321700,0.0,0.0
2024-12-13 00:00:00+09:00,149.7763762115778,150.74267541294282,149.19659079293652,150.06626892089844,132262500,0.0,0.0
2024-12-16 00:00:00+09:00,150.54941136297603,150.64603243178482,149.48647639419465,149.6797332763672,83549700,0.0,0.0
2024-12-17 00:00:00+09:00,149.77638088365626,151.32246555189064,149.67974506268305,150.54942321777344,119205800,0.0,0.0
2024-12-18 00:00:00+09:00,150.45277554961228,150.54941136297603,149.3898553253859,149.6797332763672,88806900,0.0,0.0
2024-12-19 00:00:00+09:00,148.7134430831078,150.35616354195966,148.0370365824631,149.96963500976562,110673700,0.0,0.0
2024-12-20 00:00:00+09:00,150.4527764649044,152.09548209019687,150.1628837676045,150.3561553955078,198022100,0.0,0.0
2024-12-23 00:00:00+09:00,150.54941609428965,150.8393087989364,149.58311690850417,150.1628875732422,110129800,0.0,0.0
2024-12-24 00:00:00+09:00,149.969636566136,150.06627238632635,149.00333734245658,149.19659423828125,74893900,0.0,0.0
2024-12-25 00:00:00+09:00,148.90670776367188,149.09996464846085,147.55388008103878,148.90670776367188,133742400,0.0,0.0
2024-12-26 00:00:00+09:00,148.81007701021278,150.06626892089844,148.713441192254,150.06626892089844,126564500,0.0,0.0
2024-12-27 00:00:00+09:00,150.742683541327,152.5786462250975,150.5494266395443,152.48202514648438,143984500,0.0,0.0
2024-12-30 00:00:00+09:00,153.2550631433908,154.12472654897957,152.2887639173784,152.67527770996094,129212900,0.0,0.0
2025-01-06 00:00:00+09:00,153.7382187262462,153.9314756300419,150.83932093564113,151.708984375,184902100,0.0,0.0
2025-01-07 00:00:00+09:00,151.80560963239876,152.48201612087914,151.22582421681238,152.19212341308594,135965800,0.0,0.0
2025-01-08 00:00:00+09:00,151.70896629505074,151.902223175815,150.8393029593342,151.12918090820312,132046800,0.0,0.0
2025-01-09 00:00:00+09:00,150.93594328441486,151.22583601482427,149.96964401275463,150.25953674316406,120365000,0.0,0.0
2025-01-10 00:00:00+09:00,149.7763793146411,150.45278582069926,148.4235663025248,148.5201873779297,133808200,0.0,0.0
2025-01-14 00:00:00+09:00,148.90670534746656,149.87300450028707,147.94040619464602,149.00332641601562,156747800,0.0,0.0
2025-01-15 00:00:00+09:00,149.29323214120737,149.4864890397281,148.13367600552672,148.42356872558594,113097100,0.0,0.0
2025-01-16 00:00:00+09:00,148.2303002456871,148.6168287955332,146.8774871826172,146.8774871826172,146130400,0.0,0.0
2025-01-17 00:00:00+09:00,146.29769671344405,146.394332533731,145.13814059278116,145.71792602539062,160154100,0.0,0.0
2025-01-20 00:00:00+09:00,145.9111813704284,147.1673732980254,145.52466758250128,146.490966796875,85655900,0.0,0.0
2025-01-21 00:00:00+09:00,146.87747496249725,147.07073184906315,145.33139038085938,145.33139038085938,102761200,0.0,0.0
2025-01-22 00:00:00+09:00,145.23478073697868,145.81455144229298,145.04152383520724,145.52467346191406,114406100,0.0,0.0
2025-01-23 00:00:00+09:00,145.1381452432752,146.68422995006918,144.0752249088413,146.20108032226562,181731100,0.0,0.0
2025-01-24 00:00:00+09:00,146.20107563771316,147.07073904207132,145.52466912937282,145.71792602539062,154568400,0.0,0.0
2025-01-27 00:00:00+09:00,146.29769586924513,148.423565946842,146.00781789916914,147.84378051757812,199461600,0.0,0.0
2025-01-28 00:00:00+09:00,148.4235619790795,149.58311806205322,147.16737007895983,148.71343994140625,185626100,0.0,0.0
2025-01-29 00:00:00+09:00,148.2302899703028,148.9067111995045,147.74714037490475,148.0370330810547,133472900,0.0,0.0
2025-01-30 00:00:00+09:00,148.03703550263776,148.23029239504717,146.78084358514297,147.94041442871094,115408700,0.0,0.0
2025-01-31 00:00:00+09:00,146.97410813490845,148.23028524727368,146.39432274108214,147.5538787841797,156859700,0.0,0.0
2025-02-03 00:00:00+09:00,146.87749152750226,147.55389807904646,145.71793533277548,146.68423461914062,203459800,0.0,0.0
2025-02-04 00:00:00+09:00,147.2639982141895,147.94041947754062,145.71792827759506,146.29769897460938,173699600,0.0,0.0
2025-02-05 00:00:00+09:00,146.39432424255025,147.45725922728195,146.20106735747774,146.7808380126953,130690700,0.0,0.0
2025-02-06 00:00:00+09:00,146.7808324505668,146.87746826171875,144.75161311736795,144.9448699951172,241169900,0.0,0.0
2025-02-07 00:00:00+09:00,144.94488969733584,145.04152552162338,141.27294954275865,141.94935607910156,283094800,0.0,0.0
2025-02-10 00:00:00+09:00,142.0459845830502,142.1426204023576,140.21002197265625,140.21002197265625,331976200,0.0,0.0
2025-02-12 00:00:00+09:00,141.65946834916778,141.65946834916778,139.63023413519392,140.306640625,281560900,0.0,0.0
2025-02-13 00:00:00+09:00,140.49991418258764,142.7224055509279,140.40329309804255,142.3358917236328,156797900,0.0,0.0
2025-02-14 00:00:00+09:00,142.52914153571356,142.91565534375047,141.7560991750831,141.94935607910156,128591600,0.0,0.0
2025-02-17 00:00:00+09:00,141.46620727820314,143.20554891370497,141.36958619790437,142.6257781982422,105708600,0.0,0.0
2025-02-18 00:00:00+09:00,142.6257637168762,144.26846936073204,142.43249208678884,143.97857666015625,107105100,0.0,0.0
2025-02-19 00:00:00+09:00,143.881937214506,143.97857302711125,141.8527178507897,142.0459747314453,129474200,0.0,0.0
2025-02-20 00:00:00+09:00,141.8527236955132,142.04598058413154,140.5965318026608,141.07968139648438,151027400,0.0,0.0
2025-02-21 00:00:00+09:00,141.17633549719014,142.3358917236328,141.17633549719014,142.3358917236328,150375700,0.0,0.0
2025-02-25 00:00:00+09:00,142.33588463169514,142.52914153571356,141.4662064467771,141.94935607910156,144760000,0.0,0.0
2025-02-26 00:00:00+09:00,142.4324951171875,143.01228053067462,141.85272444825594,142.4324951171875,113531700,0.0,0.0
2025-02-27 00:00:00+09:00,142.81903076171875,143.1089234829158,142.04598842004535,142.81903076171875,94186400,0.0,0.0
2025-02-28 00:00:00+09:00,142.72239972488194,142.81903555003967,140.49990844726562,140.49990844726562,212328200,0.0,0.0
2025-03-03 00:00:00+09:00,140.88643194222746,142.23924497849717,140.69317504341126,142.1426239013672,115185800,0.0,0.0
2025-03-04 00:00:00+09:00,141.27294573985986,142.81903041950204,141.27294573985986,142.1426239013672,120793900,0.0,0.0
2025-03-05 00:00:00+09:00,142.14262772767668,142.81903426401956,141.56284227106468,141.94935607910156,114712900,0.0,0.0
2025-03-06 00:00:00+09:00,141.94934948343695,142.72239180814805,141.3695787983206,141.56283569335938,132231900,0.0,0.0
2025-03-07 00:00:00+09:00,141.17633056640625,141.75610128709957,140.69318092688337,141.17633056640625,157860200,0.0,0.0
2025-03-10 00:00:00+09:00,142.04598133789978,142.4324951171875,141.46619592441266,142.4324951171875,126331800,0.0,0.0
2025-03-11 00:00:00+09:00,142.04599273822265,142.72239927854093,141.17632929275013,142.6257781982422,172698800,0.0,0.0
2025-03-12 00:00:00+09:00,142.0459903217745,142.91565375245256,141.5628406948297,142.72239685058594,129084300,0.0,0.0
2025-03-13 00:00:00+09:00,142.62577610168373,143.59207535780746,142.3358833759353,143.3988037109375,114615400,0.0,0.0
2025-03-14 00:00:00+09:00,143.0122895756641,143.39880337939738,142.52913994871932,142.72239685058594,148177200,0.0,0.0
2025-03-17 00:00:00+09:00,142.72239493980095,143.78533000267143,142.52913804052167,142.81903076171875,130475700,0.0,0.0
2025-03-18 00:00:00+09:00,143.6886905432661,144.7516255792283,143.39879782940767,144.36509704589844,135809100,0.0,0.0
2025-03-19 00:00:00+09:00,144.26846355071757,145.33138375061563,144.07520667296833,144.9448699951172,102446200,0.0,0.0
2025-03-21 00:00:00+09:00,144.94487583237205,144.94487583237205,143.49542707404834,143.97857666015625,235592600,0.0,0.0
2025-03-24 00:00:00+09:00,143.88195545402326,144.07522710373425,142.6257781982422,142.6257781982422,112160000,0.0,0.0
2025-03-25 00:00:00+09:00,143.01227861824682,143.78532091104032,142.5291290283203,142.5291290283203,136614900,0.0,0.0
2025-03-26 00:00:00+09:00,143.3988107872114,144.17185317916886,143.0122969635113,143.78533935546875,145128000,0.0,0.0
2025-03-27 00:00:00+09:00,143.7853139840672,144.9448699951172,143.68867817291525,144.9448699951172,185578800,0.0,0.0
2025-03-28 00:00:00+09:00,145.04322187131868,145.4365534203014,143.8632122197336,144.15821838378906,181251800,2.6,0.0
2025-03-31 00:00:00+09:00,143.07653405931566,143.4698656081395,142.28985595703125,142.28985595703125,243162200,0.0,0.0
2025-04-01 00:00:00+09:00,142.78152311451663,143.3715354226333,142.0931854248047,142.0931854248047,166484200,0.0,0.0
2025-04-02 00:00:00+09:00,142.09318784339627,142.19152823130167,140.22484051028582,140.3231658935547,213897200,0.0,0.0
2025-04-03 00:00:00+09:00,138.15980770713404,140.12649536132812,137.96314194264184,140.12649536132812,239451300,0.0,0.0
2025-04-04 00:00:00+09:00,139.63483146186394,141.9948507804914,139.14315952009682,141.69985961914062,263835600,0.0,0.0
2025-04-07 00:00:00+09:00,136.19312475626035,138.3564782496563,132.94808701384812,136.58645629882812,364272300,0.0,0.0
2025-04-08 00:00:00+09:00,138.3564718492006,141.60150944149538,137.66813417923163,141.30650329589844,260034800,0.0,0.0
2025-04-09 00:00:00+09:00,140.42150402484975,141.10984171521622,138.45481633543906,140.22483825683594,255053300,0.0,0.0
2025-04-10 00:00:00+09:00,143.17486409148094,144.35487365722656,140.0281519099784,144.35487365722656,327870300,0.0,0.0
2025-04-11 00:00:00+09:00,141.60151115200517,144.15821110521523,141.4048453874435,143.8632049560547,231468400,0.0,0.0
2025-04-14 00:00:00+09:00,145.04321862514064,145.04321862514064,143.76486861260193,144.64988708496094,138020500,0.0,0.0
2025-04-15 00:00:00+09:00,145.33821815883317,145.4365435370787,143.66653668230134,143.76486206054688,115168100,0.0,0.0
2025-04-16 00:00:00+09:00,143.9615334188714,145.23988342285156,143.2731957258471,145.23988342285156,123500400,0.0,0.0
2025-04-17 00:00:00+09:00,145.53488159179688,145.7315473497776,144.45319741594957,145.53488159179688,120412200,0.0,0.0
2025-04-18 00:00:00+09:00,146.51823506473715,147.7965850830078,146.22322890596138,147.7965850830078,152519100,0.0,0.0
2025-04-21 00:00:00+09:00,147.50158136541194,147.50158136541194,145.63323400330475,146.0265655517578,77965800,0.0,0.0
2025-04-22 00:00:00+09:00,146.02655344963674,147.5015691410472,145.5348815524999,147.40322875976562,106718100,0.0,0.0
2025-04-23 00:00:00+09:00,148.38658239592283,148.68158855469858,147.30491315326037,147.7965850830078,165591900,0.0,0.0
2025-04-24 00:00:00+09:00,146.71489118496274,147.40322884040376,143.27318790312216,143.66653442382812,211517600,0.0,0.0
2025-04-25 00:00:00+09:00,144.84654963523755,146.22322499990065,144.35487771862412,145.1415557861328,159110600,0.0,0.0
2025-04-28 00:00:00+09:00,145.6332307861424,146.7149000228117,145.53489039888316,146.5182342529297,111756300,0.0,0.0
2025-04-30 00:00:00+09:00,147.3049043221461,147.5999104632359,146.22322013969546,146.813232421875,174161700,0.0,0.0
2025-05-01 00:00:00+09:00,147.59992254707754,147.79658832235967,146.6165786660301,147.30491638183594,112222700,0.0,0.0
2025-05-02 00:00:00+09:00,147.79658910199893,148.97659876455316,147.59992332567938,148.58326721191406,140281400,0.0,0.0
2025-05-07 00:00:00+09:00,149.86159576363045,150.74661422565723,149.17325807403384,149.5666046142578,224792700,0.0,0.0
2025-05-08 00:00:00+09:00,149.46826325460043,149.9599351732011,146.41989135742188,146.41989135742188,219681600,0.0,0.0
2025-05-09 00:00:00+09:00,150.64826896108818,154.5816442081382,148.48491557613784,151.23828125,541230500,0.0,0.0
2025-05-12 00:00:00+09:00,151.33661303452664,154.28664459469,149.46826571494438,153.9916534423828,241431200,0.0,0.0
2025-05-13 00:00:00+09:00,154.28664206780874,154.38498245339147,150.05827557120188,150.15660095214844,207783600,0.0,0.0
2025-05-14 00:00:00+09:00,149.95992973382732,150.6482673939735,148.18990789014026,150.54994201660156,177250200,0.0,0.0
2025-05-15 00:00:00+09:00,151.63162404075842,151.63162404075842,149.66493627108676,150.4516143798828,160722100,0.0,0.0
2025-05-16 00:00:00+09:00,151.92662847747266,152.3199600250742,150.74661883003128,151.63162231445312,135250800,0.0,0.0
2025-05-19 00:00:00+09:00,151.63160957021836,151.72994995117188,150.25493426468213,151.72994995117188,110113300,0.0,0.0
2025-05-20 00:00:00+09:00,152.81162075641961,152.81162075641961,150.54994201660156,150.54994201660156,151464800,0.0,0.0
2025-05-21 00:00:00+09:00,151.43494866507598,151.53328904918044,149.56660140417944,150.0582733154297,134855300,0.0,0.0
2025-05-22 00:00:00+09:00,149.46826566108984,149.9599375876066,148.28825603837694,148.38658142089844,102534800,0.0,0.0
2025-05-23 00:00:00+09:00,148.5832599365325,148.9765914699121,147.89490724616388,148.2882537841797,115398600,0.0,0.0
2025-05-26 00:00:00+09:00,148.8782519200249,150.35326768543322,148.68158615223106,149.5666046142578,111690300,0.0,0.0
2025-05-27 00:00:00+09:00,149.5666028079902,149.86159395380034,148.5832589762602,148.8782501220703,103381000,0.0,0.0
2025-05-28 00:00:00+09:00,150.45160158218877,152.90996108516572,149.86158929962005,152.4182891845703,231403800,0.0,0.0
2025-05-29 00:00:00+09:00,152.41829549434073,154.18831741068615,152.22162972688818,153.3032989501953,188049400,0.0,0.0
2025-05-30 00:00:00+09:00,153.10663467721005,157.9250285523289,152.51663736909347,157.7283477783203,365574500,0.0,0.0
2025-06-02 00:00:00+09:00,157.3350106986465,157.53167646109262,154.18831348560073,154.38497924804688,164821600,0.0,0.0
2025-06-03 00:00:00+09:00,155.3683229831558,156.35166679950487,154.18831340446405,156.25332641601562,154518600,0.0,0.0
2025-06-04 00:00:00+09:00,156.2533321494695,156.45001292366487,154.77831637082264,155.86000061035156,136749200,0.0,0.0
2025-06-05 00:00:00+09:00,155.36832306491343,155.46666344845443,153.49997581472135,154.38497924804688,166569800,0.0,0.0
2025-06-06 00:00:00+09:00,155.0733225274793,156.45001292366487,154.87665675792033,155.86000061035156,128547100,0.0,0.0
2025-06-09 00:00:00+09:00,155.85999810035776,156.35167001865543,155.56499194845193,155.76165771484375,85639200,0.0,0.0
2025-06-10 00:00:00+09:00,156.25332903898686,156.5483351897709,154.4833221435547,154.4833221435547,130635100,0.0,0.0
2025-06-11 00:00:00+09:00,154.87665185666495,155.07331762000018,153.4016361246967,153.7949676513672,97713200,0.0,0.0
2025-06-12 00:00:00+09:00,153.8933112571892,154.08997702464174,153.10663318274277,153.3032989501953,100322500,0.0,0.0
2025-06-13 00:00:00+09:00,152.51663755949684,153.20497525547702,151.8282848588802,152.123291015625,136498800,0.0,0.0
2025-06-16 00:00:00+09:00,152.4182891845703,153.10662684447672,151.92661728397493,152.4182891845703,92426500,0.0,0.0
2025-06-17 00:00:00+09:00,151.9266269447749,152.31995848840836,150.84494269282803,150.9432830810547,131461200,0.0,0.0
2025-06-18 00:00:00+09:00,149.95993129378158,151.43494701142532,149.66492514932568,151.23828125,131618800,0.0,0.0
2025-06-19 00:00:00+09:00,151.43494381294684,151.72994995117188,150.6482657792252,151.72994995117188,79483900,0.0,0.0
2025-06-20 00:00:00+09:00,151.23829095881752,151.33661634352433,149.566609372434,149.76327514648438,185301800,0.0,0.0
2025-06-23 00:00:00+09:00,149.4682666432218,149.66493241419346,147.7965850830078,147.7965850830078,110646600,0.0,0.0
2025-06-24 00:00:00+09:00,148.58326219521427,149.36992527393193,147.8949094943817,148.38658142089844,113069500,0.0,0.0
2025-06-25 00:00:00+09:00,148.68157869324847,148.9765848324577,147.206563001838,147.40322875976562,139164700,0.0,0.0
2025-06-26 00:00:00+09:00,146.813232421875,147.20656394023763,145.53488248024306,146.813232421875,168093300,0.0,0.0
2025-06-27 00:00:00+09:00,146.81324273893696,148.8782558624096,146.61657696593528,148.48492431640625,167870800,0.0,0.0
2025-06-30 00:00:00+09:00,150.25494217186375,151.92662370359741,149.76327025049287,151.43495178222656,195694300,0.0,0.0
2025-07-01 00:00:00+09:00,152.6149653827407,152.71330577144053,149.76327416608612,150.353271484375,114523100,0.0,0.0
2025-07-02 00:00:00+09:00,149.76327573348112,153.00831353426028,149.6649353437521,152.90997314453125,159642400,0.0,0.0
2025-07-03 00:00:00+09:00,151.04161229840378,152.22162184666846,150.25493426468213,151.72994995117188,114357300,0.0,0.0
2025-07-04 00:00:00+09:00,151.53328965571487,151.82828079993698,150.94327735799857,151.33660888671875,85214200,0.0,0.0
2025-07-07 00:00:00+09:00,152.8116279943338,153.79497184244315,151.6316183775299,152.7133026123047,127294000,0.0,0.0
2025-07-08 00:00:00+09:00,152.41828850132612,154.28663571335912,152.41828850132612,153.00830078125,169953700,0.0,0.0
2025-07-09 00:00:00+09:00,154.28664547929748,154.28664547929748,151.2382885190993,151.53329467773438,130787800,0.0,0.0
2025-07-10 00:00:00+09:00,151.92662057632623,152.02496096043066,149.76326716775236,150.0582733154297,159817400,0.0,0.0
2025-07-11 00:00:00+09:00,150.74661577451073,151.4349534711797,150.15660346043077,150.25494384765625,118170400,0.0,0.0
2025-07-14 00:00:00+09:00,149.46826818605132,149.86159973205469,148.48492431640625,148.48492431640625,107750200,0.0,0.0
2025-07-15 00:00:00+09:00,148.48492026266655,148.77992641643354,147.6982421875,147.6982421875,100570000,0.0,0.0
2025-07-16 00:00:00+09:00,148.18991410889956,148.68158603029912,147.6982421875,147.6982421875,103675200,0.0,0.0
2025-07-17 00:00:00+09:00,147.5999215610924,147.89491271972656,147.20657500851888,147.89491271972656,131608200,0.0,0.0
2025-07-18 00:00:00+09:00,147.8949094943817,148.58326219521427,147.7965841118602,148.38658142089844,89261100,0.0,0.0
2025-07-22 00:00:00+09:00,149.3699188943859,149.3699188943859,147.30490589399355,147.50157165527344,122919500,0.0,0.0
2025-07-23 00:00:00+09:00,148.97658730086977,150.94327492200338,147.50157158501958,149.3699188232422,195837000,0.0,0.0
2025-07-24 00:00:00+09:00,150.35326671867773,150.8449386373191,149.7632694190898,150.15660095214844,109680500,0.0,0.0
2025-07-25 00:00:00+09:00,150.54994845786337,151.43495191525383,149.5666046142578,149.5666046142578,109777400,0.0,0.0
2025-07-28 00:00:00+09:00,149.86159395380034,150.4516062546928,148.8782501220703,148.8782501220703,115640300,0.0,0.0
2025-07-29 00:00:00+09:00,148.97659876455316,149.27160493135094,147.99325487831848,148.58326721191406,105052800,0.0,0.0
2025-07-30 00:00:00+09:00,148.5832589762602,149.17325627251654,147.99324667536774,148.8782501220703,92236600,0.0,0.0
2025-07-31 00:00:00+09:00,149.46826326697774,150.25494133773117,149.07493173391913,150.15660095214844,99949600,0.0,0.0
2025-08-01 00:00:00+09:00,149.8615955035489,153.3032989501953,149.76327012214077,153.3032989501953,158919600,0.0,0.0
2025-08-04 00:00:00+09:00,151.0416139173682,151.82827695488632,150.35326125258638,150.54994201660156,140367700,0.0,0.0
2025-08-05 00:00:00+09:00,150.45160002195368,152.41828760394,150.15659388372862,151.72994995117188,110955500,0.0,0.0
2025-08-06 00:00:00+09:00,151.43494543612726,153.0083015204348,149.46825783306068,150.54994201660156,207521900,0.0,0.0
2025-08-07 00:00:00+09:00,150.94327903479433,155.17166053637052,150.64827288265903,153.893310546875,251775900,0.0,0.0
2025-08-08 00:00:00+09:00,155.17166842145963,157.63002813978238,154.8766622543335,157.33502197265625,286738700,0.0,0.0
2025-08-12 00:00:00+09:00,157.8266897845122,160.97338714065927,157.53168362510917,160.28504943847656,273986500,0.0,0.0
2025-08-13 00:00:00+09:00,161.26839077563545,161.26839077563545,159.00669692846452,160.18670654296875,226825300,0.0,0.0
2025-08-14 00:00:00+09:00,161.26838439187887,161.4650501524052,158.22001258749515,159.30169677734375,163821100,0.0,0.0
2025-08-15 00:00:00+09:00,159.7933775076837,160.97338714065927,159.40004596490402,160.28504943847656,147775000,0.0,0.0
2025-08-18 00:00:00+09:00,161.26838614487173,163.2350737807848,161.0717203822076,161.8583984375,178486400,0.0,0.0
2025-08-19 00:00:00+09:00,161.36673280628247,162.743408203125,160.87506087817633,162.743408203125,146616800,0.0,0.0
2025-08-20 00:00:00+09:00,163.23508337772253,164.41509302771848,162.25173950195312,162.25173950195312,141400800,0.0,0.0
2025-08-21 00:00:00+09:00,162.25173716164807,162.25173716164807,160.28504943847656,160.28504943847656,132027000,0.0,0.0
2025-08-22 00:00:00+09:00,160.28504692944256,160.97338462085034,159.30170308324966,160.18670654296875,98308400,0.0,0.0
2025-08-25 00:00:00+09:00,160.18671069213912,160.28505108116013,157.04001330374305,157.23667907714844,156019500,0.0,0.0
2025-08-26 00:00:00+09:00,156.64667629241086,157.13834821109097,153.893310546875,153.893310546875,193509100,0.0,0.0
2025-08-27 00:00:00+09:00,153.89331138053262,155.56499291217347,153.59830522679923,155.17166137695312,137010900,0.0,0.0
2025-08-28 00:00:00+09:00,153.89331458432702,155.368330379065,153.6966488126226,154.67999267578125,128797500,0.0,0.0
2025-08-29 00:00:00+09:00,153.69664322718822,153.89330899174567,153.0083055489191,153.20497131347656,140919600,0.0,0.0
2025-09-01 00:00:00+09:00,153.2049783898526,155.3683319091797,152.71330645343116,155.3683319091797,118025600,0.0,0.0
2025-09-02 00:00:00+09:00,155.6633356540764,157.43335759862765,155.6633356540764,157.1383514404297,132708300,0.0,0.0
2025-09-03 00:00:00+09:00,157.13834168210272,157.6300135803542,154.48331643247178,154.87664794921875,163947900,0.0,0.0
2025-09-04 00:00:00+09:00,155.17166220379895,156.8433437443475,154.97499643514084,156.45001220703125,111156200,0.0,0.0
2025-09-05 00:00:00+09:00,156.84334600330422,157.33501793434905,156.05666791270517,156.54833984375,130287500,0.0,0.0
2025-09-08 00:00:00+09:00,157.04000219936034,157.53167410042573,156.15499877929688,156.15499877929688,140508100,0.0,0.0
2025-09-09 00:00:00+09:00,156.45000561122157,157.33500903519024,155.5649871826172,155.5649871826172,138463700,0.0,0.0
2025-09-10 00:00:00+09:00,157.3350076062177,159.59670134148416,156.94167608905636,158.6133575439453,185566400,0.0,0.0
2025-09-11 00:00:00+09:00,159.6950363070786,160.08838285249334,158.22002052220546,159.00669860839844,138023500,0.0,0.0
2025-09-12 00:00:00+09:00,159.5967061387767,159.7933719032689,158.22001577805923,158.81002807617188,151163700,0.0,0.0
2025-09-16 00:00:00+09:00,157.72834706491565,159.0066970670075,157.3350155279503,158.318359375,135660000,0.0,0.0
2025-09-17 00:00:00+09:00,157.82668745147515,158.5150251434827,157.04000937290814,158.318359375,151268500,0.0,0.0
2025-09-18 00:00:00+09:00,158.02335717540663,158.31836333783303,156.94168791935874,157.23667907714844,156120500,0.0,0.0
2025-09-19 00:00:00+09:00,157.2366792657265,157.53168542850673,155.3683319091797,155.3683319091797,318034200,0.0,0.0
2025-09-22 00:00:00+09:00,155.5649871826172,156.54833098908713,155.46666180475162,155.5649871826172,140157800,0.0,0.0
2025-09-24 00:00:00+09:00,155.5649951716901,156.056667100175,154.97499786029013,155.26998901367188,179168100,0.0,0.0
2025-09-25 00:00:00+09:00,155.95833622575566,156.45000813692812,155.46666431458323,155.663330078125,164130600,0.0,0.0
2025-09-26 00:00:00+09:00,155.17166220379895,156.45001220703125,154.188318355872,156.45001220703125,202832600,0.0,0.0
2025-09-29 00:00:00+09:00,157.6999969482422,157.8000030517578,155.39999389648438,155.39999389648438,196957400,2.65,0.0
2025-09-30 00:00:00+09:00,155.60000610351562,156.10000610351562,154.3000030517578,154.6999969482422,163886200,0.0,0.0
2025-10-01 00:00:00+09:00,155.3000030517578,155.5,154.0,154.8000030517578,185343700,0.0,0.0
2025-10-02 00:00:00+09:00,154.8000030517578,154.89999389648438,152.6999969482422,152.89999389648438,182195000,0.0,0.0
2025-10-03 00:00:00+09:00,153.3000030517578,155.10000610351562,153.1999969482422,154.60000610351562,127111200,0.0,0.0
2025-10-06 00:00:00+09:00,157.8000030517578,157.8000030517578,156.0,156.1999969482422,195874900,0.0,0.0
2025-10-07 00:00:00+09:00,156.1999969482422,156.39999389648438,154.39999389648438,155.10000610351562,240888100,0.0,0.0
2025-10-08 00:00:00+09:00,155.39999389648438,156.1999969482422,153.8000030517578,153.8000030517578,207731700,0.0,0.0
2025-10-09 00:00:00+09:00,153.3000030517578,153.6999969482422,152.6999969482422,153.0,190625800,0.0,0.0
2025-10-10 00:00:00+09:00,153.10000610351562,153.60000610351562,152.5,152.8000030517578,215395800,0.0,0.0
2025-10-14 00:00:00+09:00,151.60000610351562,152.1999969482422,150.60000610351562,152.1999969482422,261608200,0.0,0.0
2025-10-15 00:00:00+09:00,153.0,153.60000610351562,152.60000610351562,153.5,141962600,0.0,0.0
2025-10-16 00:00:00+09:00,154.39999389648438,156.3000030517578,154.10000610351562,156.0,183314000,0.0,0.0
2025-10-17 00:00:00+09:00,156.1999969482422,158.60000610351562,155.89999389648438,158.3000030517578,211294100,0.0,0.0
2025-10-20 00:00:00+09:00,159.0,160.5,158.5,159.0,225384000,0.0,0.0
2025-10-21 00:00:00+09:00,159.1999969482422,160.10000610351562,158.6999969482422,160.10000610351562,179050900,0.0,0.0
2025-10-22 00:00:00+09:00,160.39999389648438,161.1999969482422,159.1999969482422,159.8000030517578,301907400,0.0,0.0
2025-10-23 00:00:00+09:00,159.8000030517578,160.60000610351562,158.6999969482422,159.6999969482422,145429600,0.0,0.0
2025-10-24 00:00:00+09:00,160.10000610351562,160.39999389648438,159.1999969482422,159.8000030517578,123700500,0.0,0.0
2025-10-27 00:00:00+09:00,161.0,162.6999969482422,160.8000030517578,162.5,168941500,0.0,0.0
2025-10-28 00:00:00+09:00,161.89999389648438,162.0,160.3000030517578,160.39999389648438,162104000,0.0,0.0
2025-10-29 00:00:00+09:00,159.60000610351562,160.0,158.8000030517578,159.10000610351562,153175700,0.0,0.0
2025-10-30 00:00:00+09:00,158.3000030517578,158.60000610351562,157.5,158.10000610351562,509301900,0.0,0.0
2025-10-31 00:00:00+09:00,159.8000030517578,160.1999969482422,158.3000030517578,158.39999389648438,176823800,0.0,0.0
2025-11-04 00:00:00+09:00,158.60000610351562,162.1999969482422,155.0,155.39999389648438,359452400,0.0,0.0
2025-11-05 00:00:00+09:00,154.10000610351562,154.5,150.1999969482422,150.1999969482422,480883500,0.0,0.0
2025-11-06 00:00:00+09:00,151.0,152.10000610351562,150.60000610351562,150.6999969482422,309187700,0.0,0.0
2025-11-07 00:00:00+09:00,150.60000610351562,151.89999389648438,150.5,151.1999969482422,220967900,0.0,0.0
2025-11-10 00:00:00+09:00,151.10000610351562,151.6999969482422,150.60000610351562,151.39999389648438,212208700,0.0,0.0
2025-11-11 00:00:00+09:00,151.5,152.39999389648438,150.6999969482422,152.39999389648438,193568800,0.0,0.0
2025-11-12 00:00:00+09:00,152.5,154.8000030517578,152.1999969482422,152.39999389648438,277196400,0.0,0.0
2025-11-13 00:00:00+09:00,152.10000610351562,152.1999969482422,150.6999969482422,150.8000030517578,261305300,0.0,0.0
2025-11-14 00:00:00+09:00,150.8000030517578,151.1999969482422,150.5,151.1999969482422,202593200,0.0,0.0
2025-11-17 00:00:00+09:00,151.1999969482422,153.10000610351562,150.6999969482422,153.10000610351562,174819200,0.0,0.0
2025-11-18 00:00:00+09:00,153.0,153.0,151.60000610351562,152.8000030517578,177417400,0.0,0.0
2025-11-19 00:00:00+09:00,152.10000610351562,153.3000030517578,152.0,152.5,158481900,0.0,0.0
2025-11-20 00:00:00+09:00,152.89999389648438,153.3000030517578,152.39999389648438,152.60000610351562,143566300,0.0,0.0
2025-11-21 00:00:00+09:00,152.6999969482422,154.1999969482422,152.6999969482422,154.1999969482422,217097900,0.0,0.0
2025-11-25 00:00:00+09:00,152.39999389648438,152.8000030517578,151.6999969482422,152.39999389648438,187110600,0.0,0.0
2025-11-26 00:00:00+09:00,153.39999389648438,155.8000030517578,153.0,155.3000030517578,201593600,0.0,0.0
2025-11-27 00:00:00+09:00,155.89999389648438,156.10000610351562,154.3000030517578,154.39999389648438,123985700,0.0,0.0
2025-11-28 00:00:00+09:00,154.6999969482422,155.8000030517578,154.39999389648438,155.8000030517578,130324000,0.0,0.0
2025-12-01 00:00:00+09:00,156.0,156.1999969482422,154.6999969482422,155.8000030517578,146054400,0.0,0.0
2025-12-02 00:00:00+09:00,156.39999389648438,156.8000030517578,155.5,155.6999969482422,143212500,0.0,0.0
2025-12-03 00:00:00+09:00,155.8000030517578,156.10000610351562,154.5,154.6999969482422,166641000,0.0,0.0
2025-12-04 00:00:00+09:00,154.39999389648438,156.0,153.89999389648438,155.60000610351562,165080500,0.0,0.0
2025-12-05 00:00:00+09:00,155.0,155.1999969482422,153.89999389648438,153.89999389648438,150705700,0.0,0.0
2025-12-08 00:00:00+09:00,154.10000610351562,154.39999389648438,153.39999389648438,154.3000030517578,133729600,0.0,0.0
2025-12-09 00:00:00+09:00,154.3000030517578,154.39999389648438,153.10000610351562,153.8000030517578,144818000,0.0,0.0
2025-12-10 00:00:00+09:00,154.89999389648438,156.3000030517578,154.39999389648438,155.6999969482422,171518100,0.0,0.0
2025-12-11 00:00:00+09:00,155.6999969482422,156.39999389648438,154.8000030517578,155.10000610351562,139592500,0.0,0.0
2025-12-12 00:00:00+09:00,155.10000610351562,155.6999969482422,154.6999969482422,155.5,226857800,0.0,0.0
2025-12-15 00:00:00+09:00,155.8000030517578,156.1999969482422,155.10000610351562,155.39999389648438,152411100,0.0,0.0
2025-12-16 00:00:00+09:00,155.0,155.6999969482422,154.1999969482422,155.10000610351562,163048600,0.0,0.0
2025-12-17 00:00:00+09:00,154.5,155.0,153.8000030517578,154.89999389648438,147061100,0.0,0.0
2025-12-18 00:00:00+09:00,155.5,156.6999969482422,155.39999389648438,156.6999969482422,164254600,0.0,0.0
2025-12-19 00:00:00+09:00,157.0,157.39999389648438,156.3000030517578,157.0,227272800,0.0,0.0
2025-12-22 00:00:00+09:00,157.3000030517578,157.60000610351562,154.6999969482422,154.6999969482422,159514200,0.0,0.0
2025-12-23 00:00:00+09:00,154.6999969482422,156.3000030517578,154.3000030517578,156.3000030517578,107011400,0.0,0.0
2025-12-24 00:00:00+09:00,156.0,156.3000030517578,155.3000030517578,156.3000030517578,101923100,0.0,0.0
2025-12-25 00:00:00+09:00,156.5,157.0,156.1999969482422,156.6999969482422,78061000,0.0,0.0
2025-12-26 00:00:00+09:00,157.39999389648438,158.89999389648438,157.1999969482422,158.8000030517578,152244900,0.0,0.0
2025-12-29 00:00:00+09:00,159.0,159.10000610351562,157.5,158.60000610351562,143787600,0.0,0.0
2025-12-30 00:00:00+09:00,158.89999389648438,158.89999389648438,157.6999969482422,157.6999969482422,131301300,0.0,0.0
2026-01-05 00:00:00+09:00,157.89999389648438,160.1999969482422,157.8000030517578,159.5,195773400,0.0,0.0
2026-01-06 00:00:00+09:00,159.5,161.1999969482422,159.1999969482422,160.6999969482422,191878700,0.0,0.0
2026-01-07 00:00:00+09:00,159.39999389648438,159.60000610351562,158.60000610351562,159.1999969482422,172362400,0.0,0.0
2026-01-08 00:00:00+09:00,158.5,158.8000030517578,157.10000610351562,157.8000030517578,181215400,0.0,0.0
2026-01-09 00:00:00+09:00,157.8000030517578,159.39999389648438,157.6999969482422,159.10000610351562,129385500,0.0,0.0
2026-01-13 00:00:00+09:00,159.89999389648438,160.39999389648438,158.60000610351562,158.60000610351562,233019600,0.0,0.0
2026-01-14 00:00:00+09:00,158.6999969482422,159.3000030517578,158.10000610351562,159.0,161589900,0.0,0.0
2026-01-15 00:00:00+09:00,158.60000610351562,160.1999969482422,158.0,159.5,232520900,0.0,0.0
2026-01-16 00:00:00+09:00,158.6999969482422,159.0,157.10000610351562,157.10000610351562,236509300,0.0,0.0
2026-01-19 00:00:00+09:00,157.60000610351562,158.6999969482422,157.5,158.1999969482422,170808200,0.0,0.0
2026-01-20 00:00:00+09:00,158.0,160.1999969482422,157.8000030517578,160.1999969482422,209981400,0.0,0.0
2026-01-21 00:00:00+09:00,159.8000030517578,160.10000610351562,157.1999969482422,157.3000030517578,211897800,0.0,0.0
2026-01-22 00:00:00+09:00,159.0,159.0,156.1999969482422,156.1999969482422,240689800,0.0,0.0
2026-01-23 00:00:00+09:00,157.1999969482422,157.5,156.1999969482422,157.5,196541500,0.0,0.0
2026-01-26 00:00:00+09:00,157.5,157.5,155.89999389648438,156.89999389648438,185645300,0.0,0.0
2026-01-27 00:00:00+09:00,157.8000030517578,157.89999389648438,155.1999969482422,155.1999969482422,266984600,0.0,0.0
2026-01-28 00:00:00+09:00,155.0,155.10000610351562,154.0,154.60000610351562,182666500,0.0,0.0
2026-01-29 00:00:00+09:00,154.0,154.1999969482422,152.6999969482422,153.3000030517578,263252200,0.0,0.0
2026-01-30 00:00:00+09:00,154.8000030517578,155.60000610351562,153.89999389648438,154.89999389648438,197800500,0.0,0.0
2026-02-02 00:00:00+09:00,156.6999969482422,157.1999969482422,155.8000030517578,156.1999969482422,201792800,0.0,0.0
2026-02-03 00:00:00+09:00,156.8000030517578,157.39999389648438,155.89999389648438,156.3000030517578,192072100,0.0,0.0
